Target_genes	SALL4|Average	SRX702074|hESC_derived_mesendodermal_cells	SRX702073|hESC_HUES64	SRX359953|LoVo	SRX10636487|SNU-398	SRX10636488|SNU-398	SRX10636489|SNU-398	SRX10636490|SNU-398	SRX3888135|SNU-398	STRING
SPATC1L	218.500000	0	0	0	0	0	0	0	1748	0
PPP5D1	215.000000	0	0	0	0	0	0	0	1720	0
CALM3	215.000000	0	0	0	0	0	0	0	1720	0
KMT5B	205.125000	0	0	0	0	0	0	0	1641	0
MTRNR2L8	138.625000	0	0	168	197	146	325	273	0	0
SP2	135.500000	0	0	0	0	0	0	0	1084	0
MTRNR2L2	127.375000	0	0	167	193	196	236	227	0	0
RGPD2	120.750000	0	0	182	316	150	233	85	0	0
RGPD1	120.750000	0	0	182	316	150	233	85	0	0
DENR	116.250000	0	0	0	0	0	0	0	930	0
HNRNPUL1	110.500000	0	0	0	0	0	0	0	884	0
MAF1	93.625000	0	0	0	0	0	0	0	749	0
FMNL3	92.500000	0	0	0	0	0	0	0	740	0
RABEP1	85.500000	0	0	0	0	0	0	0	684	0
ANKRD30A	84.125000	0	0	0	0	0	0	0	673	0
BBX	83.875000	0	0	0	0	0	0	0	671	0
TCF3	82.500000	0	0	0	0	0	0	0	660	0
CCDC77	82.125000	0	0	0	0	0	0	0	657	0
WDPCP	81.875000	0	0	0	0	0	0	0	655	0
MDH1	81.875000	0	0	0	0	0	0	0	655	0
CALM1	80.000000	0	0	0	0	0	0	0	640	0
CDK12	78.750000	0	0	0	0	0	0	0	630	0
ZFR2	76.750000	0	0	0	0	0	0	0	614	0
MTF2	75.375000	0	0	0	0	0	0	0	603	0
RNF130	75.250000	0	0	0	0	0	0	0	602	0
ZC3H6	73.125000	0	0	0	0	0	0	0	585	0
NOP14	72.750000	0	0	0	0	0	0	0	582	0
GRK4	72.750000	0	0	0	0	0	0	0	582	0
DHX40	70.750000	0	0	0	0	0	0	0	566	0
LRP6	69.625000	0	0	0	0	0	0	0	557	0
SEPTIN9	69.125000	0	0	0	0	0	0	0	553	0
SYPL1	68.875000	0	0	0	0	0	0	0	551	0
CTNNB1	68.000000	0	0	0	0	0	0	0	544	0
PCGF3	67.875000	0	0	0	0	0	0	0	543	0
CCDC88A	66.875000	0	0	0	0	0	0	0	535	0
UBB	66.125000	0	0	0	0	0	0	0	529	0
PUF60	66.125000	0	0	0	0	0	0	0	529	0
SKA2	65.250000	0	0	0	0	0	0	0	522	0
PRR11	65.250000	0	0	0	0	0	0	0	522	0
KMT2D	64.375000	0	0	0	0	0	0	0	515	0
AK7	63.625000	0	0	0	0	0	0	0	509	0
CALM2	63.500000	0	0	0	0	0	0	0	508	0
HLTF	62.500000	0	0	0	0	0	0	0	500	0
KDM3A	62.000000	0	0	0	0	0	0	0	496	0
ERCC6L2	60.875000	0	0	0	0	0	0	0	487	0
ATAD2	59.625000	0	0	0	0	0	0	0	477	0
TMED1	59.250000	0	0	0	0	0	0	0	474	0
C2orf42	58.500000	0	0	0	0	0	0	0	468	0
GBA	57.875000	0	0	0	0	0	0	0	463	0
SRP19	57.625000	0	0	0	0	0	0	0	461	0
VPS29	57.250000	0	0	0	0	0	0	0	458	0
RAD9B	57.250000	0	0	0	0	0	0	0	458	0
NOC3L	57.250000	0	0	0	0	0	0	0	458	0
RAD51AP2	56.500000	0	0	0	0	0	0	0	452	0
PPP2R5E	56.125000	0	0	0	0	0	0	0	449	0
CFAP410	55.625000	0	0	0	0	0	0	0	445	0
FDXR	55.125000	0	0	0	0	0	0	0	441	0
AMZ2	55.125000	0	0	0	0	0	0	0	441	0
GRB2	54.625000	0	0	0	0	0	0	0	437	0
WAPL	54.500000	0	0	0	0	0	0	0	436	0
ANKRD28	54.125000	0	0	0	0	0	141	210	82	0
KLHL26	54.000000	0	0	0	0	0	0	0	432	0
ZKSCAN2	53.625000	0	0	0	0	0	0	0	429	0
TSC1	53.125000	0	0	0	0	0	0	0	425	0
RBL1	53.125000	0	0	0	0	0	0	0	425	0
GFI1B	53.125000	0	0	0	0	0	0	0	425	0
FAM86B1	52.750000	0	0	0	0	0	0	0	422	0
HOXD8	52.625000	0	0	0	0	0	0	0	421	0
ZNF576	52.500000	0	0	0	0	0	0	0	420	0
IRGQ	52.500000	0	0	0	0	0	0	0	420	0
CCDC88C	51.500000	0	0	0	0	0	0	0	412	0
SNX8	51.375000	0	0	0	0	0	0	0	411	0
PKNOX1	51.000000	0	0	0	0	0	0	0	408	0
PHIP	50.625000	0	0	0	0	0	0	0	405	0
POLN	50.375000	0	0	0	0	0	0	0	403	0
HAUS3	50.375000	0	0	0	0	0	0	0	403	0
MTRNR2L10	49.375000	0	0	0	244	151	0	0	0	0
C10orf88	49.250000	0	0	0	0	0	0	0	394	0
WDR20	48.875000	0	0	0	0	0	0	0	391	0
HSP90AA1	48.875000	0	0	0	0	0	0	0	391	0
CDIP1	48.500000	0	0	0	0	0	0	0	388	0
NOTCH2NLA	47.875000	0	0	0	0	0	0	0	383	0
CLTC	47.375000	0	0	0	0	0	0	0	379	0
QRICH1	47.125000	0	0	0	0	0	0	0	377	0
FLAD1	47.125000	0	0	0	0	0	0	0	377	0
RFX1	46.625000	0	0	0	0	0	0	0	373	0
KDM4B	46.625000	0	0	0	0	0	0	0	373	0
ZNF286A	46.500000	0	0	0	0	0	0	0	372	0
PPP1CC	46.500000	0	0	0	0	0	0	0	372	0
UCKL1	46.375000	0	0	0	0	0	0	0	371	0
ASXL1	46.000000	0	0	0	0	0	0	0	368	0
MTG1	45.875000	0	0	0	0	0	0	0	367	0
RPS6KB2	45.750000	0	0	0	0	0	0	0	366	0
ARF3	45.625000	0	0	0	0	0	0	0	365	0
TC2N	45.500000	0	0	0	0	0	0	0	364	0
INPP5A	45.500000	0	0	0	0	0	0	0	364	0
ZNF808	45.375000	0	0	0	0	0	0	0	363	0
GATAD2A	44.875000	0	0	0	0	0	0	0	359	0
RPS6KA5	44.750000	0	0	0	0	0	0	0	358	0
DGLUCY	44.750000	0	0	0	0	0	0	0	358	0
DNAJC11	44.500000	0	0	0	0	0	0	0	356	0
ATL3	44.500000	0	0	0	0	0	0	0	356	0
NLK	44.375000	0	0	0	0	0	0	0	355	0
SPOP	44.250000	0	0	0	0	0	0	0	354	0
UBC	44.125000	0	0	0	0	0	0	0	353	0
RPS26	44.125000	0	0	0	0	0	0	0	353	0
PPP4R3B	44.125000	0	0	0	0	0	0	0	353	0
RAB22A	43.875000	0	0	0	0	0	0	0	351	0
MRPS16	43.750000	0	0	0	0	0	0	0	350	0
DICER1	43.750000	0	0	0	0	0	0	0	350	0
ZNF280D	43.625000	0	0	0	0	0	0	0	349	0
ZC3H3	43.500000	0	0	0	0	0	0	0	348	0
FBXO11	43.375000	0	0	0	0	0	0	0	347	0
AIP	43.375000	0	0	0	0	0	0	0	347	0
RPS11	43.250000	0	0	0	0	0	0	0	346	0
FZR1	43.125000	0	0	0	0	0	0	0	345	0
LYNX1-SLURP2	43.000000	0	0	0	0	0	0	0	344	0
LYNX1	43.000000	0	0	0	0	0	0	0	344	0
FAM86B2	43.000000	0	0	0	0	0	0	0	344	0
AJUBA	43.000000	0	0	0	0	0	0	0	344	0
RFXANK	42.375000	0	0	0	0	0	0	0	339	0
BORCS8	42.375000	0	0	0	0	0	0	0	339	0
STYXL1	42.125000	0	0	0	0	0	0	0	337	0
PFN2	42.000000	0	0	0	0	0	0	0	336	0
FOXJ3	41.875000	0	0	0	0	0	0	0	335	0
MAP2K2	41.750000	0	0	0	0	0	0	0	334	0
ANKFY1	41.625000	0	0	0	0	0	0	0	333	0
CAND1	41.500000	0	0	0	0	0	0	0	332	0
NCAPG	41.375000	0	0	0	0	0	0	0	331	0
SLC15A4	41.250000	0	0	0	0	0	0	0	330	0
CFAP20	41.250000	0	0	0	0	0	0	0	330	0
IKZF5	41.125000	0	0	0	0	0	0	0	329	0
ACADSB	41.125000	0	0	0	0	0	0	0	329	0
TOM1L2	41.000000	0	0	0	0	0	0	0	328	0
DRC3	41.000000	0	0	0	0	0	0	0	328	0
DHDDS	41.000000	0	0	0	0	0	0	0	328	0
EVI5	40.375000	0	0	0	0	0	0	0	323	0
C1orf74	40.250000	0	0	0	0	0	0	0	322	0
DNPEP	39.875000	0	0	0	0	0	0	0	319	0
HSP90AB1	39.375000	0	0	0	0	0	0	0	315	0
ZNF7	39.000000	0	0	0	0	0	0	0	312	0
CHAF1A	39.000000	0	0	0	0	0	0	0	312	0
UTP11	38.750000	0	0	0	0	0	0	0	310	0
BTRC	38.625000	0	0	0	0	0	0	0	309	0
NEK3	38.375000	0	0	0	0	0	0	0	307	0
FAM220A	38.375000	0	0	0	0	0	0	0	307	0
STK25	38.250000	0	0	0	0	0	0	0	306	0
PAXBP1	38.250000	0	0	0	0	0	0	0	306	0
PTEN	38.125000	0	0	0	0	0	0	0	305	548
KLLN	38.125000	0	0	0	0	0	0	0	305	0
STRIP1	38.000000	0	0	0	0	0	0	0	304	0
MOB3A	38.000000	0	0	0	0	0	0	0	304	0
IZUMO4	38.000000	0	0	0	0	0	0	0	304	0
HEXIM2	37.875000	0	0	0	0	0	0	0	303	0
PRDX1	37.625000	0	0	0	0	0	0	0	301	0
CLP1	37.625000	0	0	0	0	0	0	0	301	0
FAM200B	37.250000	0	0	0	0	0	0	0	298	0
FAM104A	37.250000	0	0	0	0	0	0	0	298	0
C17orf80	37.250000	0	0	0	0	0	0	0	298	0
SUGP1	37.125000	0	0	0	0	0	0	0	297	0
MAU2	37.125000	0	0	0	0	0	0	0	297	0
MORC2	37.000000	0	0	0	0	0	0	0	296	0
MGMT	37.000000	0	0	0	0	0	0	0	296	0
TENT5C	36.875000	0	0	0	0	0	0	0	295	0
TRAPPC9	36.750000	0	0	0	0	0	0	0	294	0
CCNG2	36.625000	0	0	0	0	0	0	0	293	0
ZNF335	36.500000	0	0	0	0	0	0	0	292	0
SERTAD3	36.375000	0	0	0	0	0	0	0	291	0
MRPL55	36.250000	0	0	0	0	0	0	0	290	0
SKA3	36.125000	0	0	0	0	0	0	0	289	0
RTN2	36.125000	0	0	0	0	0	0	0	289	0
MRPL57	36.125000	0	0	0	0	0	0	0	289	0
FOXN2	36.125000	0	0	0	0	0	0	0	289	0
CHMP4B	36.125000	0	0	0	0	0	0	0	289	0
ASMTL	36.125000	0	0	0	0	0	0	0	289	0
SDR39U1	36.000000	0	0	0	0	0	0	0	288	0
ARHGEF12	36.000000	0	0	0	0	0	0	0	288	0
UBE2Q1	35.875000	0	0	0	0	0	0	0	287	0
WTAP	35.750000	0	0	0	0	0	0	0	286	0
TRA2B	35.750000	0	0	0	0	0	0	0	286	0
SOD2	35.750000	0	0	0	0	0	0	0	286	0
HEXIM1	35.750000	0	0	0	0	0	0	0	286	0
FAM76A	35.625000	0	0	0	0	0	0	0	285	0
ABLIM2	35.625000	0	0	0	0	0	0	0	285	0
TMEM52	35.500000	0	0	0	0	0	0	0	284	0
RANBP3	35.500000	0	0	0	0	0	0	0	284	0
PPP1R12B	35.500000	0	0	0	0	0	0	0	284	0
TMEM127	35.250000	0	0	0	0	0	0	0	282	0
KMT2A	35.250000	0	0	0	0	0	0	0	282	0
EIF4A2	35.250000	0	0	0	0	0	0	0	282	0
CIAO1	35.250000	0	0	0	0	0	0	0	282	0
IST1	34.875000	0	0	0	0	0	0	0	279	0
SIRT4	34.750000	0	0	0	0	0	165	113	0	0
LRIG1	34.750000	0	0	0	0	0	0	0	278	0
AK2	34.750000	0	0	0	0	0	0	0	278	0
TRNAU1AP	34.625000	0	0	0	0	0	0	0	277	0
SLC22A31	34.625000	0	0	0	0	0	0	0	277	0
CYP51A1	34.625000	0	0	0	0	0	0	0	277	0
STXBP4	34.500000	0	0	0	0	0	0	0	276	0
COX11	34.500000	0	0	0	0	0	0	0	276	0
NOTCH2NLB	34.375000	0	0	0	0	0	0	0	275	0
C8orf33	34.250000	0	0	0	0	0	0	0	274	0
SBNO1	34.125000	0	0	0	0	0	0	0	273	0
EIF2B3	34.000000	0	0	0	0	0	0	0	272	0
TRMT2A	33.875000	0	0	0	0	0	0	0	271	0
TOLLIP	33.875000	0	0	0	0	0	0	0	271	0
RANBP1	33.875000	0	0	0	0	0	0	0	271	0
GMCL1	33.875000	0	0	0	0	0	0	0	271	0
FANCM	33.875000	0	0	0	0	0	115	156	0	0
BCAS3	33.875000	0	0	0	0	0	0	0	271	0
ZSWIM3	33.750000	0	0	0	0	0	0	0	270	0
RPL31	33.750000	0	0	0	0	0	0	0	270	0
BNIP3	33.750000	0	0	0	0	0	0	0	270	0
ACOT8	33.750000	0	0	0	0	0	0	0	270	0
BRWD1	33.500000	0	0	0	0	0	0	0	268	0
STK17A	33.375000	0	0	0	0	0	0	0	267	0
ZZZ3	33.250000	0	0	0	0	0	0	0	266	0
EZH1	33.250000	0	0	0	0	0	0	0	266	0
TMEM160	33.125000	0	0	0	0	0	0	0	265	0
SPRED1	33.125000	0	0	0	0	0	0	0	265	0
PROSER3	33.125000	0	0	0	0	0	0	0	265	0
HSPB6	33.125000	0	0	0	0	0	0	0	265	0
EZR	33.125000	0	0	0	0	0	0	0	265	0
SUPT5H	33.000000	0	0	0	0	0	0	0	264	0
SCNM1	33.000000	0	0	0	0	0	0	0	264	0
LYSMD1	33.000000	0	0	0	0	0	0	0	264	0
COX6A2	33.000000	0	0	0	0	0	0	0	264	0
PHF12	32.875000	0	0	0	0	0	0	0	263	0
KIZ	32.875000	0	0	0	0	0	0	0	263	0
FAM135A	32.875000	0	0	0	0	0	0	0	263	0
TIPIN	32.750000	0	0	0	0	0	0	0	262	0
BIRC5	32.750000	0	0	0	0	0	0	0	262	0
TBC1D15	32.500000	0	0	0	0	0	0	0	260	0
RCOR3	32.500000	0	0	0	0	0	0	0	260	0
MTCH2	32.500000	0	0	0	0	0	0	0	260	0
ZNF37A	32.125000	0	0	0	0	0	0	0	257	0
ELMO2	32.000000	0	0	0	0	0	0	0	256	0
RNF126	31.875000	0	0	0	0	0	0	0	255	0
PRCC	31.875000	0	0	0	0	0	0	0	255	0
FBXO46	31.875000	0	0	0	0	0	0	0	255	0
BCL7C	31.875000	0	0	0	0	0	0	0	255	0
NEPRO	31.750000	0	0	0	0	0	0	0	254	0
SNX16	31.625000	0	0	0	0	0	0	0	253	0
SLC39A7	31.625000	0	0	0	0	0	0	0	253	0
SLC25A11	31.625000	0	0	0	0	0	0	0	253	0
RXRB	31.625000	0	0	0	0	0	0	0	253	0
RNF167	31.625000	0	0	0	0	0	0	0	253	0
PSMD5	31.375000	0	0	0	0	0	0	0	251	0
NAA35	31.375000	0	0	0	0	0	0	0	251	0
RPL10A	31.250000	0	0	0	0	0	0	0	250	0
PAFAH2	31.250000	0	0	0	0	0	0	0	250	0
NOTCH2NLC	31.250000	0	0	0	0	0	0	0	250	0
SMG5	31.125000	0	0	0	0	0	0	0	249	0
EVL	31.125000	0	0	0	0	0	0	0	249	0
CCDC86	31.125000	0	0	0	0	0	0	0	249	0
ZSWIM4	31.000000	0	0	0	0	0	0	0	248	0
PRKAR1B	31.000000	0	0	0	0	0	0	0	248	0
ACTR1A	31.000000	0	0	0	0	0	0	0	248	0
UHRF2	30.875000	0	0	0	0	0	0	0	247	0
TRIM44	30.750000	0	0	0	0	0	0	0	246	0
PPP6R1	30.750000	0	0	0	0	0	0	0	246	0
PDE2A	30.750000	0	0	0	0	0	0	0	246	0
NOTCH2	30.750000	0	0	0	0	0	0	0	246	0
ZW10	30.625000	0	0	0	0	0	0	131	114	0
STYX	30.625000	0	0	0	0	0	0	0	245	0
SGTA	30.625000	0	0	0	0	0	0	0	245	0
RGL1	30.625000	0	0	0	0	0	0	0	245	0
PIM1	30.625000	0	0	0	0	0	0	0	245	0
CYTH2	30.625000	0	0	0	0	0	0	0	245	0
ARPC5	30.625000	0	0	0	0	0	0	0	245	0
INPP5F	30.500000	0	0	0	0	0	0	0	244	0
CYRIB	30.500000	0	0	0	0	0	0	0	244	0
ATF4	30.500000	0	0	0	0	0	0	0	244	0
OGA	30.375000	0	0	0	0	0	0	0	243	0
NXN	30.375000	0	0	0	0	0	0	0	243	0
MROH1	30.375000	0	0	0	0	0	0	0	243	0
HOXC13	30.375000	0	0	0	0	0	0	0	243	0
ZNF888	30.250000	0	0	0	0	0	0	0	242	0
ZNF611	30.250000	0	0	0	0	0	0	0	242	0
PRDM10	30.250000	0	0	0	0	0	0	0	242	0
POLR2E	30.250000	0	0	0	0	0	0	0	242	0
PKM	30.125000	0	0	0	0	0	0	0	241	0
NCOA4	30.125000	0	0	0	0	0	0	0	241	0
ELL	30.125000	0	0	0	0	0	0	0	241	0
DNM2	30.125000	0	0	70	0	0	0	0	171	0
B3GNTL1	30.125000	0	0	0	0	0	0	0	241	0
TCF12	30.000000	0	0	0	0	0	0	0	240	0
KANSL3	30.000000	0	0	0	0	0	0	0	240	0
ZNF526	29.875000	0	0	0	0	0	0	0	239	0
DEDD2	29.875000	0	0	0	0	0	0	0	239	0
DDX5	29.875000	0	0	0	0	0	0	0	239	0
CEP295	29.875000	0	0	0	0	0	0	0	239	0
ABCF3	29.750000	0	0	0	0	0	0	0	238	0
RIC8B	29.625000	0	0	0	0	0	0	0	237	0
STK32C	29.500000	0	0	0	0	0	0	0	236	0
SDE2	29.500000	0	0	0	0	0	0	0	236	0
NTAQ1	29.500000	0	0	0	0	0	0	0	236	0
LRRC27	29.500000	0	0	0	0	0	0	0	236	0
FAAP24	29.500000	0	0	0	0	0	0	0	236	0
CEP89	29.500000	0	0	0	0	0	0	0	236	0
UBQLN4	29.375000	0	0	0	0	0	0	0	235	0
MIA3	29.375000	0	0	0	0	0	0	0	235	0
LAMTOR2	29.375000	0	0	0	0	0	0	0	235	0
SMIM10L1	29.250000	0	0	0	0	0	0	0	234	0
PRH1-TAS2R14	29.250000	0	0	0	0	0	0	0	234	0
EIF3E	29.250000	0	0	0	0	0	0	0	234	0
SMPD1	29.125000	0	0	0	0	0	0	0	233	0
COPB2	29.125000	0	0	0	0	0	0	0	233	0
CISD1	29.125000	0	0	0	0	0	0	0	233	0
CCDC9	29.125000	0	0	0	0	0	0	0	233	0
ZNF595	28.875000	0	0	0	0	0	0	0	231	0
MCOLN1	28.875000	0	0	0	0	0	0	0	231	0
SNX15	28.750000	0	0	0	0	0	0	0	230	0
SFXN2	28.750000	0	0	0	0	0	0	0	230	0
ARL3	28.750000	0	0	0	0	0	0	0	230	0
TMEM198	28.625000	0	0	0	0	0	0	0	229	0
KLF6	28.625000	0	0	0	0	0	0	0	229	0
GABPB2	28.625000	0	0	0	0	0	0	0	229	0
CHPF	28.625000	0	0	0	0	0	0	0	229	0
AKAP10	28.625000	0	0	0	0	0	0	0	229	0
DRAP1	28.500000	0	0	0	0	0	0	0	228	0
C1orf159	28.500000	0	0	0	0	0	0	0	228	0
C11orf68	28.500000	0	0	0	0	0	0	0	228	0
YOD1	28.375000	0	0	0	0	0	0	0	227	0
PFKFB2	28.375000	0	0	0	0	0	0	0	227	0
ZWILCH	28.250000	0	0	0	0	0	0	0	226	0
TMEM186	28.250000	0	0	0	0	0	0	0	226	0
RPL4	28.250000	0	0	0	0	0	0	0	226	0
PMM2	28.250000	0	0	0	0	0	0	0	226	0
CLTCL1	28.250000	0	0	0	0	0	0	0	226	0
XKR9	28.125000	0	0	0	0	0	0	0	225	0
TONSL	28.125000	0	0	0	0	0	0	0	225	0
SRCAP	28.125000	0	0	0	0	0	0	0	225	0
SHLD2	28.125000	0	0	0	0	0	0	0	225	0
PSENEN	28.125000	0	0	0	0	0	0	0	225	0
LOC730183	28.125000	0	0	0	0	0	0	0	225	0
LACTB2	28.125000	0	0	0	0	0	0	0	225	0
GLUD1	28.125000	0	0	0	0	0	0	0	225	0
GLS2	28.125000	0	0	0	0	0	0	0	225	0
B3GALNT2	28.125000	0	0	0	0	0	0	0	225	0
AP2M1	28.125000	0	0	0	0	0	0	0	225	0
TK1	28.000000	0	0	0	0	0	0	0	224	0
RNF19A	28.000000	0	0	0	0	0	0	0	224	0
ACAD9	28.000000	0	0	0	0	0	0	0	224	0
PFKFB4	27.875000	0	0	0	0	0	0	0	223	0
FOXRED2	27.875000	0	0	0	0	0	0	0	223	0
EIF4A3	27.875000	0	0	0	0	0	0	0	223	0
DDI2	27.875000	0	0	0	0	0	0	0	223	0
ABT1	27.875000	0	0	0	0	0	0	0	223	0
ZCCHC7	27.750000	0	0	0	0	0	0	0	222	0
RRM2B	27.750000	0	0	0	0	0	0	0	222	0
PPP2R5C	27.750000	0	0	0	0	0	0	0	222	0
KBTBD6	27.750000	0	0	0	0	0	0	0	222	0
TMEM208	27.625000	0	0	0	0	0	0	0	221	0
PI4K2A	27.625000	0	0	0	0	0	0	0	221	0
LRRC29	27.625000	0	0	0	0	0	0	0	221	0
DNAJB12	27.500000	0	0	0	0	0	0	0	220	0
BRPF1	27.500000	0	0	0	0	0	0	0	220	0
USP36	27.375000	0	0	0	0	0	0	0	219	0
TMEM59	27.375000	0	0	0	0	0	0	0	219	0
TFAP4	27.375000	0	0	0	0	0	0	0	219	0
TCAF2	27.375000	0	0	0	0	0	0	0	219	0
IFRD2	27.375000	0	0	0	0	0	0	0	219	0
EIF5	27.375000	0	0	0	0	0	0	0	219	0
AVPI1	27.375000	0	0	0	0	0	0	0	219	0
GOLGA7	27.250000	0	0	0	0	0	0	0	218	0
FBXO48	27.250000	0	0	0	0	0	0	0	218	0
EIF2AK1	27.250000	0	0	0	0	0	0	0	218	0
APLF	27.250000	0	0	0	0	0	0	0	218	0
POGZ	27.125000	0	0	0	0	0	0	0	217	0
LAMP1	27.125000	0	0	0	0	0	0	0	217	0
GCLC	27.125000	0	0	0	0	0	0	0	217	0
ATP6V1F	27.125000	0	0	0	0	0	0	0	217	0
AP1G1	27.125000	0	0	0	0	0	0	0	217	0
YJU2	27.000000	0	0	0	0	0	0	0	216	0
TMEM43	27.000000	0	0	0	0	0	0	0	216	0
TMEM14B	27.000000	0	0	0	0	0	0	0	216	0
LMCD1	27.000000	0	0	0	0	0	0	0	216	0
CHCHD4	27.000000	0	0	0	0	0	0	0	216	0
AKAP11	27.000000	0	0	0	0	0	0	0	216	0
TRIB1	26.875000	0	0	0	0	0	0	0	215	0
MRPL24	26.875000	0	0	0	0	0	0	0	215	0
MED20	26.875000	0	0	0	0	0	0	0	215	0
MACROD2	26.875000	0	0	0	0	0	0	0	215	0
FBH1	26.875000	0	0	0	0	0	0	0	215	0
EIF4A1	26.875000	0	0	0	0	0	0	0	215	0
BYSL	26.875000	0	0	0	0	0	0	0	215	0
ANKRD16	26.875000	0	0	0	0	0	0	0	215	0
WIPI1	26.750000	0	0	0	0	0	0	0	214	0
TASOR	26.750000	0	0	0	0	0	0	0	214	0
PRKRA	26.750000	0	0	0	0	0	0	0	214	0
POLR2J3	26.750000	0	0	0	0	0	0	0	214	0
PJVK	26.750000	0	0	0	0	0	0	0	214	0
PEMT	26.750000	0	0	0	0	0	0	0	214	0
LSM14A	26.750000	0	0	0	0	0	0	0	214	0
HBP1	26.750000	0	0	0	0	0	0	0	214	0
ATXN2	26.750000	0	0	0	0	0	0	0	214	0
STX1A	26.625000	0	0	0	0	0	0	0	213	0
OSBPL9	26.625000	0	0	0	0	0	0	0	213	0
KDM5A	26.625000	0	0	0	0	0	0	0	213	0
ERN1	26.625000	0	0	0	0	0	0	0	213	0
DNAJC5	26.625000	0	0	0	0	0	0	0	213	0
CPLANE2	26.625000	0	0	0	0	0	0	0	213	0
ZNF285	26.500000	0	0	0	0	0	0	0	212	0
MRPS7	26.500000	0	0	0	0	0	0	0	212	0
GGA3	26.500000	0	0	0	0	0	0	0	212	0
CCNI	26.500000	0	0	0	0	0	0	0	212	0
ALG8	26.500000	0	0	0	0	0	0	0	212	0
RNF32	26.375000	0	0	0	0	0	0	0	211	0
PLBD2	26.375000	0	0	0	0	0	0	0	211	0
OSBPL2	26.375000	0	0	0	0	0	0	0	211	0
FBXL12	26.375000	0	0	0	0	0	0	0	211	0
ZCCHC8	26.250000	0	0	0	0	0	0	0	210	0
SUPV3L1	26.250000	0	0	0	0	0	0	0	210	0
SEH1L	26.250000	0	0	0	0	0	0	0	210	0
OSBPL1A	26.250000	0	0	0	0	0	0	0	210	0
ARHGAP39	26.250000	0	0	0	0	0	0	0	210	0
TOMM34	26.000000	0	0	0	0	0	0	0	208	0
SYNGR4	26.000000	0	0	0	0	0	0	0	208	0
SMC1B	26.000000	0	0	0	0	0	0	0	208	0
RIBC2	26.000000	0	0	0	0	0	0	0	208	0
MAP2K7	26.000000	0	0	0	0	0	0	0	208	0
DUS3L	26.000000	0	0	0	0	0	0	0	208	0
YIF1B	25.875000	0	0	0	0	0	0	0	207	0
UTP18	25.875000	0	0	0	0	0	0	0	207	0
SEPTIN2	25.875000	0	0	0	0	0	0	0	207	0
PSMG4	25.875000	0	0	0	0	0	0	0	207	0
OSCAR	25.875000	0	0	0	0	0	0	0	207	0
NUDCD1	25.875000	0	0	0	0	0	0	0	207	0
NDUFA3	25.875000	0	0	0	0	0	0	0	207	0
MBTD1	25.875000	0	0	0	0	0	0	0	207	0
HDLBP	25.875000	0	0	0	0	0	0	0	207	0
CHST12	25.875000	0	0	0	0	0	0	0	207	0
C19orf48	25.875000	0	0	0	0	0	0	0	207	0
USP37	25.750000	0	0	0	0	0	0	0	206	0
UBR2	25.750000	0	0	0	0	0	0	0	206	0
EVI5L	25.750000	0	0	0	0	0	0	0	206	0
CNOT9	25.750000	0	0	0	0	0	0	0	206	0
ARFGAP3	25.750000	0	0	0	0	0	0	0	206	0
ACTN4	25.750000	0	0	0	0	0	0	0	206	0
VPS28	25.625000	0	0	0	0	0	0	0	205	0
SDHB	25.500000	0	0	0	0	0	0	0	204	0
ATP6V1C1	25.500000	0	0	0	0	0	0	0	204	0
AP2S1	25.500000	0	0	0	0	0	0	0	204	0
WIPI2	25.375000	0	0	0	0	0	0	0	203	0
RBM12B	25.375000	0	0	0	0	0	0	0	203	0
RAB1A	25.375000	0	0	0	0	0	0	0	203	0
MXI1	25.375000	0	0	0	0	0	0	0	203	0
MEA1	25.375000	0	0	0	0	0	0	0	203	0
KPNB1	25.375000	0	0	0	0	0	0	0	203	0
KLHDC3	25.375000	0	0	0	0	0	0	0	203	0
GABPB1	25.375000	0	0	0	0	0	0	0	203	0
EPHA7	25.375000	0	0	0	0	0	0	0	203	0
RCOR1	25.250000	0	0	0	0	0	0	0	202	0
ZNF687	25.125000	0	0	0	0	0	0	0	201	0
SCRIB	25.125000	0	0	0	0	0	0	0	201	0
PSMA3	25.125000	0	0	0	0	0	0	0	201	0
NRDE2	25.125000	0	0	0	0	0	0	0	201	0
COPS6	25.125000	0	0	0	0	0	0	0	201	0
TOP2A	25.000000	0	0	0	0	0	0	0	200	0
RPS19	25.000000	0	0	0	0	0	0	0	200	0
CLPB	25.000000	0	0	0	0	0	0	0	200	0
CACTIN	25.000000	0	0	0	0	0	0	0	200	0
PRPF39	24.875000	0	0	0	0	0	0	0	199	0
PPARD	24.750000	0	0	0	0	0	0	0	198	0
MFF	24.750000	0	0	0	0	0	0	0	198	0
TMEM185B	24.625000	0	0	0	0	0	0	0	197	0
TIMM9	24.625000	0	0	0	0	0	0	0	197	0
STAU1	24.625000	0	0	0	0	0	0	0	197	0
RBM15B	24.625000	0	0	0	0	0	0	0	197	0
KIAA0586	24.625000	0	0	0	0	0	0	0	197	0
DDX27	24.625000	0	0	0	0	0	0	0	197	0
ZSCAN10	24.500000	0	0	0	0	0	0	0	196	0
ZNF518A	24.500000	0	0	0	0	0	0	0	196	0
XAB2	24.500000	0	0	0	0	0	0	0	196	0
TMTC3	24.500000	0	0	0	0	0	0	0	196	0
SLC39A3	24.500000	0	0	0	0	0	0	0	196	0
PRRC2A	24.500000	0	0	0	0	0	0	0	196	0
OSER1	24.500000	0	0	0	0	0	0	0	196	0
MICU1	24.500000	0	0	0	0	0	0	0	196	0
CNNM2	24.500000	0	0	0	0	0	0	0	196	0
CEP290	24.500000	0	0	0	0	0	0	0	196	0
ATP2A1	24.500000	0	0	0	0	0	0	0	196	0
ULK1	24.375000	0	0	0	0	0	0	0	195	0
RNF227	24.375000	0	0	0	0	0	0	0	195	0
RMDN1	24.375000	0	0	0	0	0	0	0	195	0
CPNE3	24.375000	0	0	0	0	0	0	0	195	0
BTBD10	24.375000	0	0	0	0	0	0	0	195	0
ZCCHC14	24.250000	0	0	0	0	0	0	0	194	0
TXNIP	24.250000	0	0	0	0	0	0	0	194	0
TRMT61A	24.250000	0	0	0	0	0	0	0	194	0
RAD18	24.250000	0	0	0	0	0	0	0	194	0
PDK1	24.250000	0	0	0	0	0	0	0	194	0
NAPB	24.250000	0	0	0	0	0	0	0	194	0
EAPP	24.250000	0	0	0	0	0	0	0	194	0
CHD6	24.250000	0	0	0	0	0	0	0	194	0
TTLL12	24.125000	0	0	0	0	0	0	0	193	0
KCTD9	24.125000	0	0	0	0	0	0	0	193	0
EHBP1	24.125000	0	0	0	0	0	0	0	193	0
CDCA2	24.125000	0	0	0	0	0	0	0	193	0
NDST2	24.000000	0	0	0	0	0	0	0	192	0
MTMR14	24.000000	0	0	0	0	0	0	0	192	0
MARS2	24.000000	0	0	0	0	0	0	0	192	0
LSM14B	24.000000	0	0	0	0	0	0	0	192	0
HGH1	24.000000	0	0	0	0	0	0	0	192	0
FRAT2	24.000000	0	0	0	0	0	0	0	192	0
WDR73	23.875000	0	0	0	0	0	0	0	191	0
SMIM14	23.875000	0	0	0	0	0	0	0	191	0
MTHFD1	23.875000	0	0	0	0	0	0	0	191	0
CYHR1	23.875000	0	0	0	0	0	0	0	191	0
RIDA	23.750000	0	0	0	0	0	0	0	190	0
RAB43	23.750000	0	0	0	0	0	0	0	190	0
PUM2	23.750000	0	0	0	0	0	0	0	190	0
POP1	23.750000	0	0	0	0	0	0	0	190	0
P3H1	23.750000	0	0	0	0	0	0	0	190	0
LINS1	23.750000	0	0	0	0	0	0	0	190	0
ENPP4	23.750000	0	0	0	0	0	0	0	190	0
CLIC5	23.750000	0	0	0	0	0	0	0	190	0
ASB7	23.750000	0	0	0	0	0	0	0	190	0
WBP2	23.625000	0	0	0	0	0	0	0	189	0
UTP23	23.625000	0	0	0	0	0	0	0	189	0
UBE2I	23.625000	0	0	0	0	0	0	0	189	0
RBX1	23.625000	0	0	0	0	0	0	0	189	0
PPP1R11	23.625000	0	0	0	0	0	0	0	189	0
GTF2I	23.625000	0	0	0	0	0	0	0	189	0
ZFAND2B	23.500000	0	0	0	0	0	0	0	188	0
TATDN3	23.500000	0	0	0	0	0	0	0	188	0
NSL1	23.500000	0	0	0	0	0	0	0	188	0
LRIF1	23.500000	0	0	0	0	0	0	0	188	0
CLEC16A	23.500000	0	0	0	0	0	0	0	188	0
ATG7	23.500000	0	0	0	0	0	0	0	188	0
ADPGK	23.500000	0	0	0	0	0	0	0	188	0
TMEM91	23.375000	0	0	0	0	0	0	0	187	0
TFPT	23.375000	0	0	0	0	0	0	0	187	0
SRSF1	23.375000	0	0	0	0	0	0	0	187	0
PRPF31	23.375000	0	0	0	0	0	0	0	187	0
NANP	23.375000	0	0	0	0	0	0	0	187	0
LRP2BP	23.375000	0	0	0	0	0	0	0	187	0
ENO1	23.375000	0	0	0	0	0	0	0	187	0
B9D2	23.375000	0	0	0	0	0	0	0	187	0
ANKRD37	23.375000	0	0	0	0	0	0	0	187	0
STX6	23.250000	0	0	0	0	0	0	0	186	0
SLC25A25	23.250000	0	0	0	0	0	0	0	186	0
SIDT2	23.250000	0	0	0	0	0	0	0	186	0
RBM15	23.250000	0	0	0	0	0	0	0	186	0
NAIF1	23.250000	0	0	0	0	0	0	0	186	0
MYPOP	23.250000	0	0	0	0	0	0	0	186	0
MRTO4	23.250000	0	0	0	0	0	0	0	186	0
MOK	23.250000	0	0	0	0	0	0	0	186	0
MAPK14	23.250000	0	0	0	0	0	0	0	186	0
GEMIN6	23.250000	0	0	0	0	0	0	0	186	0
EMC1	23.250000	0	0	0	0	0	0	0	186	0
COX7A2	23.250000	0	0	0	0	0	0	0	186	0
BLOC1S5	23.250000	0	0	0	0	0	0	0	186	0
VPS8	23.125000	0	0	0	0	0	0	0	185	0
VPS26A	23.125000	0	0	0	0	0	0	0	185	0
TSGA10	23.125000	0	0	0	0	0	0	0	185	0
TSEN54	23.125000	0	0	0	0	0	0	0	185	0
SLC25A32	23.125000	0	0	0	0	0	0	0	185	0
OGT	23.125000	0	0	0	0	0	0	0	185	0
NRL	23.125000	0	0	0	0	0	0	0	185	0
NOC4L	23.125000	0	0	0	0	0	0	0	185	0
DDX51	23.125000	0	0	0	0	0	0	0	185	0
DCAF13	23.125000	0	0	0	0	0	0	0	185	0
DCAF11	23.125000	0	0	0	0	0	0	0	185	0
CASKIN2	23.125000	0	0	0	0	0	0	0	185	0
C2orf15	23.125000	0	0	0	0	0	0	0	185	0
ZCCHC3	23.000000	0	0	0	0	0	0	0	184	0
RAB3A	23.000000	0	0	0	0	0	0	0	184	0
PMS2	23.000000	0	0	0	0	0	0	0	184	0
PHF21A	23.000000	0	0	0	0	0	0	0	184	0
OARD1	23.000000	0	0	0	0	0	0	0	184	0
NFYA	23.000000	0	0	0	0	0	0	0	184	0
FGFR3	23.000000	0	0	0	0	0	0	0	184	0
ARMH3	23.000000	0	0	0	0	0	0	0	184	0
AIMP2	23.000000	0	0	0	0	0	0	0	184	0
ULK2	22.875000	0	0	0	0	0	0	0	183	0
PRR14L	22.875000	0	0	0	0	0	0	0	183	0
MARCHF7	22.875000	0	0	0	0	0	0	0	183	0
EXD1	22.875000	0	0	0	0	0	0	0	183	0
DGKE	22.875000	0	0	0	0	0	0	0	183	0
CHP1	22.875000	0	0	0	0	0	0	0	183	0
C17orf67	22.875000	0	0	0	0	0	0	0	183	0
TMEM209	22.750000	0	0	0	0	0	0	0	182	0
THYN1	22.750000	0	0	0	0	0	0	0	182	0
SNRNP70	22.750000	0	0	0	0	0	0	0	182	0
EIF2S2	22.750000	0	0	0	0	0	0	0	182	0
CALCOCO1	22.750000	0	0	0	0	0	0	0	182	0
ACAD8	22.750000	0	0	0	0	0	0	0	182	0
USP30	22.625000	0	0	0	0	0	0	0	181	0
TOP1	22.625000	0	0	0	0	0	0	0	181	0
SMNDC1	22.625000	0	0	0	0	0	0	0	181	0
SLX1B	22.625000	0	0	0	0	0	0	0	181	0
SLX1A	22.625000	0	0	0	0	0	0	0	181	0
RAMAC	22.625000	0	0	0	0	0	0	0	181	0
CANT1	22.625000	0	0	0	0	0	0	0	181	0
BUB1B	22.625000	0	0	0	0	0	0	0	181	0
BOLA2B	22.625000	0	0	0	0	0	0	0	181	0
BOLA2	22.625000	0	0	0	0	0	0	0	181	0
ARSG	22.625000	0	0	0	0	0	0	0	181	0
TMEM115	22.500000	0	0	0	0	0	0	0	180	0
TMCO1	22.500000	0	0	0	0	0	0	0	180	0
SP1	22.500000	0	0	0	0	0	0	0	180	0
SMARCA4	22.500000	0	0	0	0	0	0	0	180	0
SEC14L1	22.500000	0	0	0	0	0	0	0	180	0
MEN1	22.500000	0	0	0	0	0	0	0	180	0
PHB	22.375000	0	0	0	0	0	0	0	179	0
MRTFA	22.375000	0	0	0	0	0	0	0	179	0
MKNK1	22.375000	0	0	0	0	0	0	0	179	0
ZNF225	22.250000	0	0	0	0	0	0	0	178	0
ZFYVE27	22.250000	0	0	0	0	0	0	0	178	0
SPAST	22.250000	0	0	0	0	0	0	0	178	0
RAB40B	22.250000	0	0	0	0	0	0	0	178	0
HNRNPA1	22.250000	0	0	0	0	0	0	0	178	0
FASTKD1	22.250000	0	0	0	0	0	0	0	178	0
COX7A2L	22.250000	0	0	0	0	0	0	0	178	0
CDKN2D	22.250000	0	0	0	0	0	0	0	178	0
CBX5	22.250000	0	0	0	0	0	0	0	178	0
WDR36	22.125000	0	0	0	0	0	0	0	177	0
UNK	22.125000	0	0	0	0	0	0	0	177	0
RNPC3	22.125000	0	0	0	0	0	0	0	177	0
CFAP58	22.125000	0	0	0	0	0	0	0	177	0
ZNF224	22.000000	0	0	0	0	0	0	0	176	0
UBR5	22.000000	0	0	0	0	0	0	0	176	0
TMEM65	22.000000	0	0	0	0	0	0	0	176	0
SLC37A4	22.000000	0	0	0	0	0	0	0	176	0
RBSN	22.000000	0	0	0	0	0	0	0	176	0
PLD3	22.000000	0	0	0	0	0	0	0	176	0
PDPR	22.000000	0	0	0	0	0	0	0	176	0
GNB2	22.000000	0	0	0	0	0	0	0	176	0
GID8	22.000000	0	0	0	0	0	0	0	176	0
DIDO1	22.000000	0	0	0	0	0	0	0	176	0
DGKQ	22.000000	0	0	0	0	0	0	0	176	0
CDC16	22.000000	0	0	0	0	0	0	0	176	0
C19orf47	22.000000	0	0	0	0	0	0	0	176	0
ADAM10	22.000000	0	0	0	0	0	0	0	176	0
UNC79	21.875000	0	0	0	0	0	0	0	175	0
MBTPS1	21.875000	0	0	0	0	0	0	0	175	0
JOSD2	21.875000	0	0	0	0	0	0	0	175	0
BTBD7	21.875000	0	0	0	0	0	0	0	175	0
ASNSD1	21.875000	0	0	0	0	0	0	0	175	0
ASDURF	21.875000	0	0	0	0	0	0	0	175	0
AFTPH	21.875000	0	0	0	0	0	0	0	175	0
YPEL1	21.750000	0	0	0	0	0	0	0	174	0
TPST1	21.750000	0	0	0	0	0	0	0	174	0
TPMT	21.750000	0	0	0	0	0	0	0	174	0
PA2G4	21.750000	0	0	0	0	0	0	0	174	0
KDM1B	21.750000	0	0	0	0	0	0	0	174	0
HSPE1-MOB4	21.750000	0	0	0	0	0	0	0	174	0
HSPE1	21.750000	0	0	0	0	0	0	0	174	0
HSPD1	21.750000	0	0	0	0	0	0	0	174	0
FBRSL1	21.750000	0	0	0	0	0	0	0	174	0
ATXN2L	21.750000	0	0	0	0	0	0	0	174	0
ATF3	21.750000	0	0	0	0	0	0	0	174	0
ANXA2R	21.750000	0	0	0	0	0	0	0	174	0
ZNF281	21.625000	0	0	0	0	0	0	0	173	0
TRAK2	21.625000	0	0	0	0	0	0	0	173	0
TOR1AIP1	21.625000	0	0	0	0	0	0	0	173	0
TBC1D17	21.625000	0	0	0	0	0	0	0	173	0
STRADB	21.625000	0	0	0	0	0	0	0	173	0
PHF23	21.625000	0	0	0	0	0	0	0	173	0
MAD1L1	21.625000	0	0	0	0	0	0	0	173	0
GPR146	21.625000	0	0	0	0	0	0	0	173	0
AKT1S1	21.625000	0	0	0	0	0	0	0	173	0
ZFYVE19	21.500000	0	0	0	0	0	0	0	172	0
VIRMA	21.500000	0	0	0	0	0	0	0	172	0
UFSP1	21.500000	0	0	0	0	0	0	0	172	0
TCFL5	21.500000	0	0	0	0	0	0	0	172	0
SH3BP2	21.500000	0	0	0	0	0	0	0	172	0
SEC24C	21.500000	0	0	0	0	0	0	0	172	0
RAB4A	21.500000	0	0	0	0	0	0	0	172	0
PEX10	21.500000	0	0	0	0	0	0	0	172	0
NOL11	21.500000	0	0	0	0	0	0	0	172	0
MED26	21.500000	0	0	0	0	0	0	0	172	0
MAN1B1	21.500000	0	0	0	0	0	0	0	172	0
IBA57	21.500000	0	0	0	0	0	0	0	172	0
DNAJC17	21.500000	0	0	0	0	0	0	0	172	0
ATOH7	21.500000	0	0	0	0	0	0	0	172	0
ADCK5	21.500000	0	0	0	0	0	0	0	172	0
ZMYM4	21.375000	0	0	0	0	0	0	0	171	0
TOMM40	21.375000	0	0	0	0	0	0	0	171	0
TCF19	21.375000	0	0	0	0	0	0	0	171	0
STARD10	21.375000	0	0	0	0	0	0	0	171	0
HINFP	21.375000	0	0	0	0	0	0	0	171	0
CRTC1	21.375000	0	0	0	0	0	0	0	171	0
CCHCR1	21.375000	0	0	0	0	0	0	0	171	0
ABCC5	21.375000	0	0	0	0	0	0	0	171	0
ZNF337	21.250000	0	0	0	0	0	0	0	170	0
RNF40	21.250000	0	0	0	0	0	0	0	170	0
POLR3A	21.250000	0	0	0	0	0	0	0	170	0
MRPL44	21.250000	0	0	0	0	0	0	0	170	0
FRYL	21.250000	0	0	0	0	0	0	0	170	0
CCDC61	21.250000	0	0	0	0	0	0	0	170	0
CCDC189	21.250000	0	0	0	0	0	0	0	170	0
BANP	21.250000	0	0	0	0	0	0	0	170	0
ATP5MPL	21.250000	0	0	0	0	0	0	0	170	0
ZNF527	21.125000	0	0	0	0	0	0	0	169	0
ZHX1-C8orf76	21.125000	0	0	0	0	0	0	0	169	0
ZHX1	21.125000	0	0	0	0	0	0	0	169	0
TUBD1	21.125000	0	0	0	0	0	0	0	169	0
TMEM222	21.125000	0	0	0	0	0	0	0	169	0
RPS6KB1	21.125000	0	0	0	0	0	0	0	169	0
RIC8A	21.125000	0	0	0	0	0	0	0	169	0
CALR3	21.125000	0	0	0	0	0	0	0	169	0
C19orf44	21.125000	0	0	0	0	0	0	0	169	0
BET1L	21.125000	0	0	0	0	0	0	0	169	0
ZNF408	21.000000	0	0	0	0	0	0	0	168	0
ZNF141	21.000000	0	0	0	0	0	0	0	168	0
WTIP	21.000000	0	0	0	0	0	0	0	168	0
TIMM23	21.000000	0	0	0	0	0	0	0	168	0
TCEA2	21.000000	0	0	0	0	0	0	0	168	0
STRADA	21.000000	0	0	0	0	0	0	0	168	0
SIVA1	21.000000	0	0	0	0	0	0	0	168	0
RPIA	21.000000	0	0	0	0	0	0	0	168	0
RBPJ	21.000000	0	0	0	0	0	0	0	168	0
RAD50	21.000000	0	0	0	0	0	0	0	168	0
PIGF	21.000000	0	0	0	0	0	0	0	168	0
PET117	21.000000	0	0	0	0	0	0	0	168	0
NARS2	21.000000	0	0	0	0	0	0	0	168	0
KHDRBS1	21.000000	0	0	0	0	0	0	0	168	0
KAT14	21.000000	0	0	0	0	0	0	0	168	0
FBXO3	21.000000	0	0	0	0	0	0	0	168	0
DGCR8	21.000000	0	0	0	0	0	0	0	168	0
DFFA	21.000000	0	0	0	0	0	0	0	168	0
CRIPT	21.000000	0	0	0	0	0	0	0	168	0
ARHGAP1	21.000000	0	0	0	0	0	0	0	168	0
YWHAB	20.875000	0	0	0	0	0	0	0	167	0
TDP1	20.875000	0	0	0	0	0	0	0	167	0
NEMP1	20.875000	0	0	0	0	0	0	0	167	0
LUC7L2	20.875000	0	0	0	0	0	0	0	167	0
IGSF8	20.875000	0	0	0	0	0	0	0	167	0
FIG4	20.875000	0	0	0	0	0	0	0	167	0
EFCAB11	20.875000	0	0	0	0	0	0	0	167	0
CEP350	20.875000	0	0	0	0	0	0	0	167	0
CBWD5	20.875000	0	0	0	0	0	0	0	167	0
AK9	20.875000	0	0	0	0	0	0	0	167	0
ZNF256	20.750000	0	0	0	0	0	0	0	166	0
ZNF232	20.750000	0	0	0	0	0	0	0	166	0
TOB2	20.750000	0	0	0	0	0	0	0	166	0
TBC1D10B	20.750000	0	0	0	0	0	0	0	166	0
SNTB2	20.750000	0	0	0	0	0	0	0	166	0
SIRT2	20.750000	0	0	0	0	0	0	0	166	0
SART1	20.750000	0	0	0	0	0	0	0	166	0
RTN3	20.750000	0	0	0	0	0	0	0	166	0
RAB35	20.750000	0	0	0	0	0	0	0	166	0
PSMD2	20.750000	0	0	0	0	0	0	0	166	0
PPP2R3A	20.750000	0	0	0	0	0	0	0	166	0
PPP1R12C	20.750000	0	0	0	0	0	0	0	166	0
PCBP2	20.750000	0	0	0	0	0	0	0	166	0
NFKBIB	20.750000	0	0	0	0	0	0	0	166	0
MYLPF	20.750000	0	0	0	0	0	0	0	166	0
KLF16	20.750000	0	0	0	0	0	0	0	166	0
CHMP3	20.750000	0	0	0	0	0	0	0	166	0
CERS5	20.750000	0	0	0	0	0	0	0	166	0
CBX1	20.750000	0	0	0	0	0	0	0	166	0
ASF1A	20.750000	0	0	0	0	0	0	0	166	0
TMEM104	20.625000	0	0	0	0	0	0	0	165	0
SLC25A4	20.625000	0	0	0	0	0	0	0	165	0
PTPN4	20.625000	0	0	0	0	0	0	0	165	0
PIAS4	20.625000	0	0	0	0	0	0	0	165	0
NAT9	20.625000	0	0	0	0	0	0	0	165	0
MTRNR2L9	20.625000	0	0	0	0	165	0	0	0	0
FAM136A	20.625000	0	0	0	0	0	0	0	165	0
DUSP7	20.625000	0	0	0	0	0	0	0	165	0
C12orf43	20.625000	0	0	0	0	0	0	0	165	0
TCF7L2	20.500000	0	0	0	0	0	0	0	164	0
STX2	20.500000	0	0	0	0	0	0	0	164	0
RMDN3	20.500000	0	0	0	0	0	0	0	164	0
PBLD	20.500000	0	0	0	0	0	0	0	164	0
LIN37	20.500000	0	0	0	0	0	0	0	164	0
HNRNPH3	20.500000	0	0	0	0	0	0	0	164	0
HBS1L	20.500000	0	0	0	0	0	0	0	164	0
GFUS	20.500000	0	0	0	0	0	0	0	164	0
CIC	20.500000	0	0	0	0	0	0	0	164	0
CDC5L	20.500000	0	0	0	0	0	0	0	164	0
ANAPC4	20.500000	0	0	0	0	0	0	0	164	0
ZNF473	20.375000	0	0	0	0	0	0	0	163	0
VRK3	20.375000	0	0	0	0	0	0	0	163	0
VKORC1L1	20.375000	0	0	0	0	0	0	0	163	0
TPPP	20.375000	0	0	0	0	0	0	0	163	0
TMEM141	20.375000	0	0	0	0	0	0	0	163	0
TBC1D31	20.375000	0	0	0	0	0	0	0	163	0
SURF4	20.375000	0	0	0	0	0	0	0	163	0
STAT3	20.375000	0	0	0	0	0	0	0	163	0
ST3GAL2	20.375000	0	0	0	0	0	0	0	163	0
SSNA1	20.375000	0	0	0	0	0	0	0	163	0
SLC24A1	20.375000	0	0	0	0	0	0	0	163	0
SFT2D2	20.375000	0	0	0	0	0	0	0	163	0
RPL8	20.375000	0	0	0	0	0	0	0	163	0
RAP2B	20.375000	0	0	0	0	0	0	0	163	0
RAB5C	20.375000	0	0	0	0	0	0	0	163	0
OCIAD1	20.375000	0	0	0	0	0	0	0	163	0
MIGA2	20.375000	0	0	0	0	0	0	0	163	0
LRCH4	20.375000	0	0	0	0	0	0	0	163	0
INTS14	20.375000	0	0	0	0	0	0	0	163	0
FBXO24	20.375000	0	0	0	0	0	0	0	163	0
DHX33	20.375000	0	0	0	0	0	0	0	163	0
CCNF	20.375000	0	0	0	0	0	0	0	163	0
ATG9A	20.375000	0	0	0	0	0	0	0	163	0
ANKZF1	20.375000	0	0	0	0	0	0	0	163	0
ANGEL1	20.375000	0	0	0	0	0	0	0	163	0
ANAPC2	20.375000	0	0	0	0	0	0	0	163	0
ZDHHC5	20.250000	0	0	0	0	0	0	0	162	0
PPFIA4	20.250000	0	0	0	0	0	0	0	162	0
PC	20.250000	0	0	0	0	0	0	0	162	0
MRPL10	20.250000	0	0	0	0	0	0	0	162	0
LSM4	20.250000	0	0	0	0	0	0	0	162	0
LRRC46	20.250000	0	0	0	0	0	0	0	162	0
FOXK2	20.250000	0	0	0	0	0	0	0	162	0
EXOSC5	20.250000	0	0	0	0	0	0	0	162	0
DGAT1	20.250000	0	0	0	0	0	0	0	162	0
CDH15	20.250000	0	0	0	0	0	0	0	162	0
CCSER2	20.250000	0	0	0	0	0	0	0	162	0
BCKDHA	20.250000	0	0	0	0	0	0	0	162	0
TRIP12	20.125000	0	0	0	0	0	0	0	161	0
TBC1D5	20.125000	0	0	0	0	0	0	0	161	0
SLC3A2	20.125000	0	0	0	0	0	0	0	161	0
PTPN23	20.125000	0	0	0	0	0	0	0	161	0
NPM1	20.125000	0	0	0	0	0	0	0	161	0
FBXO36	20.125000	0	0	0	0	0	0	0	161	0
CDK4	20.125000	0	0	0	0	0	0	0	161	0
BIRC6	20.125000	0	0	0	0	0	0	0	161	0
ANAPC5	20.125000	0	0	0	0	0	0	0	161	0
USPL1	20.000000	0	0	0	0	0	0	0	160	0
TSPAN17	20.000000	0	0	0	0	0	0	0	160	0
SREBF2	20.000000	0	0	0	0	0	0	0	160	0
SCAMP3	20.000000	0	0	0	0	0	0	0	160	0
NUP153	20.000000	0	0	0	0	0	0	0	160	0
N6AMT1	20.000000	0	0	0	0	0	0	0	160	0
MTHFSD	20.000000	0	0	0	0	0	0	0	160	0
LEPROT	20.000000	0	0	0	0	0	0	0	160	0
LEPR	20.000000	0	0	0	0	0	0	0	160	0
KCTD13	20.000000	0	0	0	0	0	0	0	160	0
KBTBD7	20.000000	0	0	0	0	0	0	0	160	0
HMGB1	20.000000	0	0	0	0	0	0	0	160	0
C12orf57	20.000000	0	0	0	0	0	0	160	0	0
ATF7-NPFF	20.000000	0	0	0	0	0	0	0	160	0
ATF7	20.000000	0	0	0	0	0	0	0	160	0
TUFM	19.875000	0	0	0	0	0	0	0	159	0
TRAPPC2L	19.875000	0	0	0	0	0	0	0	159	0
SH2B1	19.875000	0	0	0	0	0	0	0	159	0
SARS1	19.875000	0	0	0	0	0	0	0	159	0
RXYLT1	19.875000	0	0	0	0	0	0	0	159	0
PCYOX1	19.875000	0	0	0	0	0	0	0	159	0
OTUD6B	19.875000	0	0	0	0	0	0	0	159	0
MEGF8	19.875000	0	0	0	0	0	0	0	159	0
HTRA2	19.875000	0	0	0	0	0	0	0	159	0
GTF3C2	19.875000	0	0	0	0	0	0	0	159	0
GALNS	19.875000	0	0	0	0	0	0	0	159	0
C6orf89	19.875000	0	0	0	0	0	0	0	159	0
ARNT	19.875000	0	0	0	0	0	0	0	159	0
VCPIP1	19.750000	0	0	0	0	0	0	0	158	0
SF3B1	19.750000	0	0	0	0	0	0	0	158	0
SEC61A1	19.750000	0	0	0	0	0	0	0	158	0
RPS29	19.750000	0	0	0	0	0	0	0	158	0
PRR14	19.750000	0	0	0	0	0	0	0	158	0
PPM1J	19.750000	0	0	0	0	0	0	0	158	0
DEPTOR	19.750000	0	0	0	0	0	0	0	158	0
DCAF7	19.750000	0	0	0	0	0	0	0	158	0
C8orf44-SGK3	19.750000	0	0	0	0	0	0	0	158	0
C2orf74	19.750000	0	0	0	0	0	0	0	158	0
TRPC4AP	19.625000	0	0	0	0	0	0	0	157	0
NUF2	19.625000	0	0	0	0	0	0	0	157	0
GTF2H3	19.625000	0	0	0	0	0	0	0	157	0
ESCO2	19.625000	0	0	0	0	0	0	0	157	0
EIF2B1	19.625000	0	0	0	0	0	0	0	157	0
ZNF654	19.500000	0	0	0	0	0	0	0	156	0
WDR47	19.500000	0	0	0	0	0	0	0	156	0
STT3A	19.500000	0	0	0	0	0	0	0	156	0
SRFBP1	19.500000	0	0	0	0	0	0	0	156	0
RTL10	19.500000	0	0	0	0	0	0	0	156	0
RAD9A	19.500000	0	0	0	0	0	0	0	156	0
PRR3	19.500000	0	0	0	0	0	0	0	156	0
PPP3CB	19.500000	0	0	0	0	0	0	0	156	0
PELI1	19.500000	0	0	0	0	0	0	0	156	0
PDRG1	19.500000	0	0	0	0	0	0	0	156	0
NBPF1	19.500000	0	0	0	0	0	0	0	156	0
MMS22L	19.500000	0	0	0	0	0	0	0	156	0
KHSRP	19.500000	0	0	0	0	0	0	0	156	0
GNL1	19.500000	0	0	0	0	0	0	0	156	0
GNB1L	19.500000	0	0	0	0	0	0	0	156	0
CGGBP1	19.500000	0	0	0	0	0	0	0	156	0
ATP11B	19.500000	0	0	0	0	0	0	0	156	0
ZCWPW1	19.375000	0	0	0	0	0	0	0	155	0
VRK1	19.375000	0	0	0	0	0	0	0	155	0
TMEM38A	19.375000	0	0	0	0	0	0	0	155	0
THAP12	19.375000	0	0	0	0	0	0	0	155	0
SREBF1	19.375000	0	0	0	0	0	0	0	155	0
SMIM7	19.375000	0	0	0	0	0	0	0	155	0
SERTAD1	19.375000	0	0	0	0	0	0	0	155	0
PPME1	19.375000	0	0	0	0	0	0	0	155	0
PHF20	19.375000	0	0	0	0	0	0	0	155	0
NCOA5	19.375000	0	0	0	0	0	0	0	155	0
MEPCE	19.375000	0	0	0	0	0	0	0	155	0
HDAC2	19.375000	0	0	0	0	0	0	0	155	0
GVQW3	19.375000	0	0	0	0	0	0	0	155	0
FAM160A2	19.375000	0	0	0	0	0	0	0	155	0
CAMK2G	19.375000	0	0	0	0	0	0	0	155	0
C2CD3	19.375000	0	0	0	0	0	0	0	155	0
ADI1	19.375000	0	0	0	0	0	0	0	155	0
ZNF511	19.250000	0	0	0	0	0	0	0	154	0
TUBGCP2	19.250000	0	0	0	0	0	0	0	154	0
PSAP	19.250000	0	0	0	0	0	0	0	154	0
PRELID3B	19.250000	0	0	0	0	0	0	0	154	0
PEX19	19.250000	0	0	0	0	0	0	0	154	0
NSFL1C	19.250000	0	0	0	0	0	0	0	154	0
NOLC1	19.250000	0	0	0	0	0	0	0	154	0
EGLN2	19.250000	0	0	0	0	0	0	0	154	0
EEF2KMT	19.250000	0	0	0	0	0	0	0	154	0
CNP	19.250000	0	0	0	0	0	0	0	154	0
TMEM18	19.125000	0	0	0	0	0	0	0	153	0
TAOK3	19.125000	0	0	0	0	0	0	0	153	0
SPECC1	19.125000	0	0	0	0	0	0	0	153	0
SLC35E1	19.125000	0	0	0	0	0	0	0	153	0
RNF34	19.125000	0	0	0	0	0	0	0	153	0
R3HDM2	19.125000	0	0	0	0	0	0	0	153	0
NR2C2AP	19.125000	0	0	0	0	0	0	0	153	0
MAFK	19.125000	0	0	0	0	0	0	0	153	0
LOC112694756	19.125000	0	0	0	0	0	0	0	153	0
HSPA8	19.125000	0	0	0	0	0	0	0	153	0
HERC4	19.125000	0	0	0	0	0	0	0	153	0
GZF1	19.125000	0	0	0	0	0	0	0	153	0
EML4	19.125000	0	0	0	0	0	0	0	153	0
ZNF331	19.000000	0	0	0	0	0	0	0	152	0
TAX1BP3	19.000000	0	0	0	0	0	0	0	152	0
RHBDD2	19.000000	0	0	0	0	0	0	0	152	0
PRKN	19.000000	0	0	0	0	0	0	0	152	0
PLEKHF2	19.000000	0	0	0	0	0	0	0	152	0
PACRG	19.000000	0	0	0	0	0	0	0	152	0
NUDT13	19.000000	0	0	0	0	0	0	0	152	0
LSS	19.000000	0	0	0	0	0	0	0	152	0
LETM1	19.000000	0	0	0	0	0	0	0	152	0
KIAA1586	19.000000	0	0	0	0	0	0	0	152	0
GEMIN7	19.000000	0	0	0	0	0	0	0	152	0
FBXL3	19.000000	0	0	0	0	0	0	0	152	0
EMC6	19.000000	0	0	0	0	0	0	0	152	0
DNAJC30	19.000000	0	0	0	0	0	0	0	152	0
DDX21	19.000000	0	0	0	0	0	0	0	152	0
CLBA1	19.000000	0	0	0	0	0	0	0	152	0
CHMP5	19.000000	0	0	0	0	0	0	0	152	0
CDC6	19.000000	0	0	0	0	0	0	0	152	0
C8orf88	19.000000	0	0	0	0	0	0	0	152	0
BUD23	19.000000	0	0	0	0	0	0	0	152	0
BAG1	19.000000	0	0	0	0	0	0	0	152	0
AKT2	19.000000	0	0	0	0	0	0	0	152	0
ZNF816-ZNF321P	18.875000	0	0	0	0	0	0	0	151	0
ZNF816	18.875000	0	0	0	0	0	0	0	151	0
SLC35B3	18.875000	0	0	0	0	0	0	0	151	0
SLC25A42	18.875000	0	0	0	0	0	0	0	151	0
SARNP	18.875000	0	0	0	0	0	0	0	151	0
ORMDL2	18.875000	0	0	0	0	0	0	0	151	0
GMPPA	18.875000	0	0	0	0	0	0	0	151	0
TNKS2	18.750000	0	0	0	0	0	0	0	150	0
ST3GAL1	18.750000	0	0	0	0	0	0	0	150	0
RPTOR	18.750000	0	0	0	0	0	0	0	150	0
POC1A	18.750000	0	0	0	0	0	0	0	150	0
PEX16	18.750000	0	0	0	0	0	0	0	150	0
MFSD3	18.750000	0	0	0	0	0	0	0	150	0
IFT81	18.750000	0	0	0	0	0	0	0	150	0
HSPH1	18.750000	0	0	0	0	0	0	0	150	0
GABARAP	18.750000	0	0	0	0	0	0	0	150	0
ERGIC3	18.750000	0	0	0	0	0	0	0	150	0
ECHS1	18.750000	0	0	0	0	0	0	0	150	0
BOLA2-SMG1P6	18.750000	0	0	0	0	0	0	0	150	0
AURKAIP1	18.750000	0	0	0	0	0	0	0	150	0
ARL17B	18.750000	0	0	0	0	0	0	0	150	0
ARL17A	18.750000	0	0	0	0	0	0	0	150	0
ZNF644	18.625000	0	0	0	0	0	0	0	149	0
TXNDC11	18.625000	0	0	0	0	0	0	0	149	0
SAE1	18.625000	0	0	0	0	0	0	0	149	0
RFC1	18.625000	0	0	0	0	0	0	0	149	0
NUP107	18.625000	0	0	0	0	0	0	0	149	0
MAPK8	18.625000	0	0	0	0	0	0	0	149	0
ISCU	18.625000	0	0	0	0	0	0	0	149	0
EHD1	18.625000	0	0	0	0	0	0	0	149	0
XYLB	18.500000	0	0	0	0	0	0	0	148	0
UQCRB	18.500000	0	0	0	0	0	0	0	148	0
TAOK2	18.500000	0	0	0	0	0	0	0	148	0
SRRT	18.500000	0	0	0	0	0	0	0	148	0
SLC35A4	18.500000	0	0	0	0	0	0	0	148	0
PXMP2	18.500000	0	0	0	0	0	0	0	148	0
POLE4	18.500000	0	0	0	0	0	0	0	148	0
POLE	18.500000	0	0	0	0	0	0	0	148	0
PEPD	18.500000	0	0	0	0	0	0	0	148	0
PDIA5	18.500000	0	0	0	0	0	0	0	148	0
PDCD2L	18.500000	0	0	0	0	0	0	0	148	0
KCTD2	18.500000	0	0	0	0	0	0	0	148	0
HDAC11	18.500000	0	0	0	0	0	0	0	148	0
GOLGA5	18.500000	0	0	0	0	0	0	0	148	0
EIF2S1	18.500000	0	0	0	0	0	0	0	148	0
EIF2D	18.500000	0	0	0	0	0	0	0	148	0
CRLS1	18.500000	0	0	0	0	0	0	0	148	0
CBWD2	18.500000	0	0	0	0	0	0	0	148	0
CASP3	18.500000	0	0	0	0	0	0	0	148	0
ATP6V1D	18.500000	0	0	0	0	0	0	0	148	0
ATP5PD	18.500000	0	0	0	0	0	0	0	148	0
APBB3	18.500000	0	0	0	0	0	0	0	148	0
ZNF692	18.375000	0	0	0	0	0	0	0	147	0
SUFU	18.375000	0	0	0	0	0	0	0	147	0
KLHL12	18.375000	0	0	0	0	0	0	0	147	0
FXR2	18.375000	0	0	0	0	0	0	0	147	0
FGFRL1	18.375000	0	0	0	0	0	0	0	147	0
B3GAT3	18.375000	0	0	0	0	0	0	0	147	0
ZNF461	18.250000	0	0	0	0	0	0	0	146	0
POLK	18.250000	0	0	0	0	0	0	0	146	0
NAMPT	18.250000	0	0	0	0	0	0	0	146	0
HLF	18.250000	0	0	0	0	0	0	0	146	0
HIRIP3	18.250000	0	0	0	0	0	0	0	146	0
GRINA	18.250000	0	0	0	0	0	0	0	146	0
CERT1	18.250000	0	0	0	0	0	0	0	146	0
ZNF143	18.125000	0	0	0	0	0	0	0	145	0
XPC	18.125000	0	0	0	0	0	0	0	145	0
TRIM71	18.125000	0	0	0	0	0	0	0	145	0
SGMS1	18.125000	0	0	0	0	0	0	0	145	0
SAP30BP	18.125000	0	0	0	0	0	0	0	145	0
RPL24	18.125000	0	0	0	0	0	0	0	145	0
RECQL5	18.125000	0	0	0	0	0	0	0	145	0
RAB5B	18.125000	0	0	0	0	0	0	0	145	0
PSMA6	18.125000	0	0	0	0	0	0	0	145	0
PCNX3	18.125000	0	0	0	0	0	0	0	145	0
NDUFC1	18.125000	0	0	0	0	0	0	0	145	0
NAA15	18.125000	0	0	0	0	0	0	0	145	0
N4BP1	18.125000	0	0	0	0	0	0	0	145	0
LSM3	18.125000	0	0	0	0	0	0	0	145	0
GPN3	18.125000	0	0	0	0	0	0	0	145	0
FAM216A	18.125000	0	0	0	0	0	0	0	145	0
DUS2	18.125000	0	0	0	0	0	0	0	145	0
DDX28	18.125000	0	0	0	0	0	0	0	145	0
ATF2	18.125000	0	0	0	0	0	0	0	145	0
ZNF140	18.000000	0	0	0	0	0	0	0	144	0
RECQL4	18.000000	0	0	0	0	0	0	0	144	0
RCE1	18.000000	0	0	0	0	0	0	0	144	0
PNKD	18.000000	0	0	0	0	0	0	0	144	0
NRBF2	18.000000	0	0	0	0	0	0	0	144	0
MXRA7	18.000000	0	0	0	0	0	0	0	144	0
MICOS13	18.000000	0	0	0	0	0	0	0	144	0
LRRC14	18.000000	0	0	0	0	0	0	0	144	0
KHK	18.000000	0	0	0	0	0	0	0	144	0
IREB2	18.000000	0	0	0	0	0	0	0	144	0
HSD11B1L	18.000000	0	0	0	0	0	0	0	144	0
GPR180	18.000000	0	0	0	0	0	0	0	144	0
EIF4E3	18.000000	144	0	0	0	0	0	0	0	0
DCAF8	18.000000	0	0	0	0	0	0	0	144	0
CHD9	18.000000	0	0	0	0	0	0	0	144	0
CCNG1	18.000000	0	0	0	0	0	0	0	144	0
AAMP	18.000000	0	0	0	0	0	0	0	144	0
TRMT44	17.875000	0	0	0	0	0	0	0	143	0
SHC1	17.875000	0	0	0	0	0	0	0	143	0
RBM38	17.875000	0	0	0	0	0	0	0	143	0
RAB7A	17.875000	0	0	0	0	0	0	0	143	0
PLD6	17.875000	0	0	0	0	0	0	0	143	0
PCGF1	17.875000	0	0	0	0	0	0	0	143	0
HHIPL1	17.875000	0	0	0	0	0	0	0	143	0
GUK1	17.875000	0	0	0	0	0	0	0	143	0
ERCC6	17.875000	0	0	0	0	0	0	0	143	0
ENTPD6	17.875000	0	0	0	0	0	0	0	143	0
CKS1B	17.875000	0	0	0	0	0	0	0	143	0
CCDC85C	17.875000	0	0	0	0	0	0	0	143	0
CCDC150	17.875000	0	0	0	0	0	0	0	143	0
ACOX3	17.875000	0	0	0	0	0	0	0	143	0
WASHC5	17.750000	0	0	0	0	0	0	0	142	0
VPS37D	17.750000	0	0	0	0	0	0	0	142	0
VAPB	17.750000	0	0	0	0	0	0	0	142	0
STAT2	17.750000	0	0	0	0	0	0	0	142	0
SLC12A5	17.750000	0	0	0	0	0	0	0	142	0
NSMCE2	17.750000	0	0	0	0	0	0	0	142	0
MARS1	17.750000	0	0	0	0	0	0	0	142	0
LMAN2L	17.750000	0	0	0	0	0	0	0	142	0
HDAC4	17.750000	0	0	0	0	0	0	0	142	0
DACT3	17.750000	0	0	0	0	0	0	0	142	0
CAPZA2	17.750000	0	0	0	0	0	0	0	142	0
ARHGAP9	17.750000	0	0	0	0	0	0	0	142	0
ZNF83	17.625000	0	0	0	0	0	0	0	141	0
ZNF25	17.625000	0	0	0	0	0	0	0	141	0
TUBG1	17.625000	0	0	0	0	0	0	0	141	0
TNFAIP1	17.625000	0	0	0	0	0	0	0	141	0
TMEM256	17.625000	0	0	0	0	0	0	0	141	0
TEX15	17.625000	0	0	0	0	0	0	0	141	0
SMG9	17.625000	0	0	0	0	0	0	0	141	0
RETREG3	17.625000	0	0	0	0	0	0	0	141	0
PRICKLE4	17.625000	0	0	0	0	0	0	0	141	0
POLA2	17.625000	0	0	0	0	0	0	0	141	0
PMEPA1	17.625000	0	0	0	0	0	0	0	141	0
OGFOD2	17.625000	0	0	0	0	0	0	0	141	0
NR1D1	17.625000	0	0	0	0	0	0	0	141	0
KMT5A	17.625000	0	0	0	0	0	0	0	141	0
IFT20	17.625000	0	0	0	0	0	0	0	141	0
IFFO2	17.625000	0	0	0	0	0	0	0	141	0
GSR	17.625000	0	0	0	0	0	0	0	141	0
GSPT1	17.625000	0	0	0	0	0	0	0	141	0
FRS3	17.625000	0	0	0	0	0	0	0	141	0
FRMD5	17.625000	0	0	0	0	0	0	0	141	0
FAM118A	17.625000	0	0	0	0	0	0	0	141	0
EBAG9	17.625000	0	0	0	0	0	0	0	141	0
CIAO2A	17.625000	0	0	0	0	0	0	0	141	0
CEP128	17.625000	0	0	0	0	0	0	0	141	0
ATG2A	17.625000	0	0	0	0	0	0	0	141	0
APRT	17.625000	0	0	0	0	0	0	0	141	0
ANGEL2	17.625000	0	0	0	0	0	0	0	141	0
ZBTB18	17.500000	0	0	0	0	0	0	0	140	0
TDP2	17.500000	0	0	0	0	0	0	0	140	0
REEP6	17.500000	0	0	0	0	0	0	0	140	0
PCSK4	17.500000	0	0	0	0	0	0	0	140	0
NME1-NME2	17.500000	0	0	0	0	0	0	0	140	0
NME1	17.500000	0	0	0	0	0	0	0	140	0
FAM222A	17.500000	0	0	0	0	0	0	0	140	0
ARF1	17.500000	0	0	0	0	0	0	0	140	0
ADIPOR1	17.500000	0	0	0	0	0	0	0	140	0
ACOT13	17.500000	0	0	0	0	0	0	0	140	0
USP32	17.375000	0	0	0	0	0	0	0	139	0
PDE6D	17.375000	0	0	0	0	0	0	0	139	0
LCLAT1	17.375000	0	0	0	0	0	0	0	139	0
COPS7B	17.375000	0	0	0	0	0	0	0	139	0
VIPAS39	17.250000	0	0	0	0	0	0	0	138	0
UVSSA	17.250000	0	0	0	0	0	0	0	138	0
TPM3	17.250000	0	0	0	0	0	0	0	138	0
TOP3A	17.250000	0	0	0	0	0	0	0	138	0
SMCR8	17.250000	0	0	0	0	0	0	0	138	0
SLC35F5	17.250000	0	0	0	0	0	0	0	138	0
SGF29	17.250000	0	0	0	0	0	0	0	138	0
RHPN1	17.250000	0	0	0	0	0	0	0	138	0
PTPRS	17.250000	0	0	0	0	0	0	0	138	0
NOB1	17.250000	0	0	0	0	0	0	0	138	0
MEF2D	17.250000	0	0	0	0	0	0	0	138	0
LZTR1	17.250000	0	0	0	0	0	0	0	138	0
LARS1	17.250000	0	0	0	0	0	0	0	138	0
INTS10	17.250000	0	0	0	0	0	0	0	138	0
CDC42	17.250000	0	0	0	0	0	0	0	138	0
AHSA1	17.250000	0	0	0	0	0	0	0	138	0
ZFYVE1	17.125000	0	0	0	0	0	0	0	137	0
ZBTB9	17.125000	0	0	0	0	0	0	0	137	0
WDFY2	17.125000	0	0	0	0	0	0	0	137	0
UNG	17.125000	0	0	0	0	0	0	0	137	0
UBE2B	17.125000	0	0	0	0	0	0	0	137	0
TOB1	17.125000	0	0	0	0	0	0	0	137	0
SUSD6	17.125000	0	0	0	0	0	0	0	137	0
SPHK1	17.125000	0	0	0	0	0	0	0	137	0
SNRPA	17.125000	0	0	0	0	0	0	0	137	0
SEPSECS	17.125000	0	0	0	0	0	0	0	137	0
RPS13	17.125000	0	0	0	0	0	0	0	137	0
PPT1	17.125000	0	0	0	0	0	0	0	137	0
POP7	17.125000	0	0	0	0	0	0	0	137	0
NEIL2	17.125000	0	0	0	0	0	0	0	137	0
LONP1	17.125000	0	0	0	0	0	0	0	137	0
KAZALD1	17.125000	0	0	0	0	0	0	0	137	0
ERO1B	17.125000	0	0	0	0	0	0	0	137	0
DDX23	17.125000	0	0	0	0	0	0	0	137	0
CDKL3	17.125000	0	0	0	0	0	0	0	137	0
CCAR2	17.125000	0	0	0	0	0	0	0	137	0
CATSPERD	17.125000	0	0	0	0	0	0	0	137	0
C19orf54	17.125000	0	0	0	0	0	0	0	137	0
AKTIP	17.125000	0	0	0	0	0	0	0	137	0
TEX22	17.000000	0	0	0	0	0	0	0	136	0
SCAF1	17.000000	0	0	0	0	0	0	0	136	0
RMND1	17.000000	0	0	0	0	0	0	0	136	0
PRADC1	17.000000	0	0	0	0	0	0	0	136	0
PEAK1	17.000000	0	0	0	0	0	0	0	136	0
MYL5	17.000000	0	0	0	0	0	0	0	136	0
HMG20A	17.000000	0	0	0	0	0	0	0	136	0
GNAI2	17.000000	0	0	0	0	0	0	0	136	0
DNAJC9	17.000000	0	0	0	0	0	0	0	136	0
CCT7	17.000000	0	0	0	0	0	0	0	136	0
ATP5ME	17.000000	0	0	0	0	0	0	0	136	0
ARMT1	17.000000	0	0	0	0	0	0	0	136	0
ZSWIM7	16.875000	0	0	0	0	0	0	0	135	0
ZCCHC4	16.875000	0	0	0	0	0	0	0	135	0
YIPF4	16.875000	0	0	0	0	0	0	0	135	0
TUBGCP5	16.875000	0	0	0	0	0	0	0	135	0
TTC19	16.875000	0	0	0	0	0	0	0	135	0
TMED9	16.875000	0	0	0	0	0	0	0	135	0
SNAP47	16.875000	0	0	0	0	0	0	0	135	0
SETD1B	16.875000	0	0	0	0	0	0	0	135	0
KAT6B	16.875000	0	0	0	0	0	0	0	135	0
JMJD4	16.875000	0	0	0	0	0	0	0	135	0
ELP5	16.875000	0	0	0	0	0	0	0	135	0
DUSP5	16.875000	0	0	0	0	0	0	0	135	0
CTDNEP1	16.875000	0	0	0	0	0	0	0	135	0
ZFPL1	16.750000	0	0	0	0	0	0	0	134	0
TTBK2	16.750000	0	0	0	0	0	0	0	134	0
PTTG1IP	16.750000	0	0	0	0	0	0	0	134	0
KPNA2	16.750000	0	0	0	0	0	0	0	134	0
FAM98A	16.750000	0	0	0	0	0	0	0	134	0
ERGIC2	16.750000	0	0	0	0	0	0	0	134	0
DDX50	16.750000	0	0	0	0	0	0	0	134	0
CDCA5	16.750000	0	0	0	0	0	0	0	134	0
BRMS1L	16.750000	0	0	0	0	0	0	0	134	0
TXNDC9	16.625000	0	0	0	0	0	0	0	133	0
SRPK1	16.625000	0	0	0	0	0	0	0	133	0
SARAF	16.625000	0	0	0	0	0	0	0	133	0
PPP2R1A	16.625000	0	0	0	0	0	0	0	133	0
OSR2	16.625000	0	0	0	0	0	0	0	133	0
NELFCD	16.625000	0	0	0	0	0	0	0	133	0
INO80B	16.625000	0	0	0	0	0	0	0	133	0
FANCA	16.625000	0	0	0	0	0	0	0	133	0
FAM24B	16.625000	0	0	0	0	0	0	0	133	0
EIF5B	16.625000	0	0	0	0	0	0	0	133	0
EBNA1BP2	16.625000	0	0	0	0	0	0	0	133	0
CFAP57	16.625000	0	0	0	0	0	0	0	133	0
UPF1	16.500000	0	0	0	0	0	0	0	132	0
TMEM70	16.500000	0	0	0	0	0	0	0	132	0
SIRT3	16.500000	0	0	0	0	0	0	0	132	0
RASSF4	16.500000	0	0	0	0	0	0	0	132	0
PSMD13	16.500000	0	0	0	0	0	0	0	132	0
PPP4R4	16.500000	0	0	0	0	0	0	0	132	0
POLRMT	16.500000	0	0	0	0	0	0	0	132	0
MAPKAPK5	16.500000	0	0	0	0	0	0	0	132	0
KIFAP3	16.500000	0	0	0	0	0	0	0	132	0
BROX	16.500000	0	0	0	0	0	0	0	132	0
AIDA	16.500000	0	0	0	0	0	0	0	132	0
ACYP2	16.500000	0	0	0	0	0	0	0	132	0
ZFPM1	16.375000	0	0	0	0	0	0	0	131	0
TTC33	16.375000	0	0	0	0	0	0	0	131	0
SMDT1	16.375000	0	0	0	0	0	0	0	131	0
SH2D3C	16.375000	0	0	0	0	0	0	0	131	0
SECISBP2	16.375000	0	0	0	0	0	0	0	131	0
SDF4	16.375000	0	0	0	0	0	0	0	131	0
S100A13	16.375000	0	0	0	0	0	0	0	131	0
RAB8A	16.375000	0	0	0	0	0	0	0	131	0
PARP1	16.375000	0	0	0	0	0	0	0	131	0
NELFB	16.375000	0	0	0	0	0	0	0	131	0
MFSD8	16.375000	0	0	0	0	0	0	0	131	0
MARK2	16.375000	0	0	0	0	0	0	0	131	0
L2HGDH	16.375000	0	0	0	0	0	0	0	131	0
KIAA0513	16.375000	0	0	0	0	0	0	0	131	0
HIBADH	16.375000	0	0	0	0	0	0	0	131	0
GORASP2	16.375000	0	0	0	0	0	0	0	131	0
GALE	16.375000	0	0	0	0	0	0	0	131	0
DSN1	16.375000	0	0	0	0	0	0	0	131	0
DMAC2L	16.375000	0	0	0	0	0	0	0	131	0
CHTOP	16.375000	0	0	0	0	0	0	0	131	0
CEMP1	16.375000	0	0	0	0	0	0	0	131	0
B3GALT6	16.375000	0	0	0	0	0	0	0	131	0
ABHD2	16.375000	0	0	0	0	0	0	0	131	0
ABHD18	16.375000	0	0	0	0	0	0	0	131	0
ZBTB2	16.250000	0	0	0	0	0	0	0	130	0
VMP1	16.250000	0	0	0	0	0	0	0	130	0
TUBGCP3	16.250000	0	0	0	0	0	0	0	130	0
TRAPPC6A	16.250000	0	0	0	0	0	0	0	130	0
TIPARP	16.250000	0	0	0	0	0	0	0	130	0
RPS28	16.250000	0	0	0	0	0	0	0	130	0
RNH1	16.250000	0	0	0	0	0	0	0	130	0
PTRH2	16.250000	0	0	0	0	0	0	0	130	0
PKN2	16.250000	0	0	0	0	0	0	0	130	0
NDUFA7	16.250000	0	0	0	0	0	0	0	130	0
MRPL37	16.250000	0	0	0	0	0	0	0	130	0
IRF3	16.250000	0	0	0	0	0	0	0	130	0
HDHD5	16.250000	0	0	0	0	0	0	0	130	0
CYB5RL	16.250000	0	0	0	0	0	0	0	130	0
CBWD6	16.250000	0	0	0	0	0	0	0	130	0
CBWD3	16.250000	0	0	0	0	0	0	0	130	0
BLOC1S3	16.250000	0	0	0	0	0	0	0	130	0
BCL2L12	16.250000	0	0	0	0	0	0	0	130	0
ZC3H18	16.125000	0	0	0	0	0	0	0	129	0
SRSF10	16.125000	0	0	0	0	0	0	0	129	0
MFAP3L	16.125000	0	0	0	0	0	0	0	129	0
IQSEC1	16.125000	0	0	0	0	0	0	0	129	0
EFCAB2	16.125000	0	0	0	0	0	0	0	129	0
ADRM1	16.125000	0	0	0	0	0	0	0	129	0
UTP3	16.000000	0	0	0	0	0	0	0	128	0
TPRA1	16.000000	0	0	0	0	0	0	0	128	0
TBCB	16.000000	0	0	0	0	0	0	0	128	0
STRN	16.000000	0	0	0	0	0	0	0	128	0
SKIV2L	16.000000	0	0	0	0	0	0	0	128	0
RCC1	16.000000	0	0	0	0	0	0	0	128	0
PSMD9	16.000000	0	0	0	0	0	0	0	128	0
POLR2I	16.000000	0	0	0	0	0	0	0	128	0
NFATC2IP	16.000000	0	0	0	0	0	0	0	128	0
NELFE	16.000000	0	0	0	0	0	0	0	128	0
NACA	16.000000	0	0	0	0	0	0	0	128	0
MOSPD3	16.000000	0	0	0	0	0	0	0	128	0
MLLT1	16.000000	0	0	0	0	0	0	0	128	0
MCM2	16.000000	0	0	0	0	0	0	0	128	0
IFTAP	16.000000	0	0	0	0	0	0	0	128	0
HPD	16.000000	0	0	0	0	0	0	0	128	0
EIF4B	16.000000	0	0	0	0	0	0	0	128	0
ARHGAP19	16.000000	0	0	0	0	0	0	0	128	0
ZSCAN20	15.875000	0	0	0	0	0	0	0	127	0
ZDHHC16	15.875000	0	0	0	0	0	0	0	127	0
WDR4	15.875000	0	0	0	0	0	0	0	127	0
VDAC3	15.875000	0	0	0	0	0	0	0	127	0
UBE2F	15.875000	0	0	0	0	0	0	0	127	0
TBC1D30	15.875000	0	0	0	0	0	0	0	127	0
SPDL1	15.875000	0	0	0	0	0	0	0	127	0
SCAF4	15.875000	0	0	0	0	0	0	0	127	0
PSMC6	15.875000	0	0	0	0	0	0	0	127	0
PPM1G	15.875000	0	0	0	0	0	0	0	127	0
PGAM1	15.875000	0	0	0	0	0	0	0	127	0
PELI3	15.875000	0	0	0	0	0	0	0	127	0
MPC2	15.875000	0	0	0	0	0	0	0	127	0
MEF2A	15.875000	0	0	0	0	0	0	0	127	0
KIAA0232	15.875000	0	0	0	0	0	0	0	127	0
HNRNPL	15.875000	0	0	0	0	0	0	0	127	0
GNS	15.875000	0	0	0	0	0	0	0	127	0
EXOSC1	15.875000	0	0	0	0	0	0	0	127	0
DCAF6	15.875000	0	0	0	0	0	0	0	127	0
CAPNS1	15.875000	0	0	0	0	0	0	0	127	0
BZW1	15.875000	0	0	0	0	0	0	0	127	0
ATP5MC1	15.875000	0	0	0	0	0	0	0	127	0
ZC3H14	15.750000	0	0	0	0	0	0	0	126	0
TTC23	15.750000	0	0	0	0	0	0	0	126	0
RBM25	15.750000	0	0	0	0	0	0	0	126	0
RAD21	15.750000	0	0	0	0	0	0	0	126	0
PTP4A1	15.750000	0	0	0	0	0	0	0	126	0
PGM2L1	15.750000	0	0	0	0	0	0	0	126	0
LRRC28	15.750000	0	0	0	0	0	0	0	126	0
LAMTOR1	15.750000	0	0	0	0	0	0	0	126	0
ISOC1	15.750000	0	0	0	0	0	0	0	126	0
INTS4	15.750000	0	0	0	0	0	0	0	126	0
HCN3	15.750000	0	0	0	0	0	0	0	126	0
GPSM3	15.750000	0	0	0	0	0	0	0	126	0
FRA10AC1	15.750000	0	0	0	0	0	0	0	126	0
ESRRA	15.750000	0	0	0	0	0	0	0	126	0
DCLRE1B	15.750000	0	0	0	0	0	0	0	126	0
CYP2R1	15.750000	0	0	0	0	0	0	0	126	0
CACUL1	15.750000	0	0	0	0	0	0	0	126	0
AP4B1	15.750000	0	0	0	0	0	0	0	126	0
ZCCHC24	15.625000	0	0	0	0	0	0	0	125	0
UTP20	15.625000	0	0	0	0	0	0	0	125	0
PDP2	15.625000	0	0	0	0	0	0	0	125	0
LARP1	15.625000	0	0	0	0	0	0	0	125	0
KLF11	15.625000	0	0	0	0	0	0	0	125	0
FARP2	15.625000	0	0	0	0	0	0	0	125	0
AP1M1	15.625000	0	0	0	0	0	0	0	125	0
ZNF764	15.500000	0	0	0	0	0	0	0	124	0
ZNF417	15.500000	0	0	0	0	0	0	0	124	0
ZNF251	15.500000	0	0	0	0	0	0	0	124	0
XRCC2	15.500000	0	0	0	0	0	0	0	124	0
TNKS1BP1	15.500000	0	0	0	0	0	0	0	124	0
THRAP3	15.500000	0	0	0	0	0	0	0	124	0
TCAIM	15.500000	0	0	0	0	0	0	0	124	0
RLF	15.500000	0	0	0	0	0	0	0	124	0
POLR3E	15.500000	0	0	0	0	0	0	0	124	0
MAD2L1BP	15.500000	0	0	0	0	0	0	0	124	0
KANSL1L	15.500000	0	0	0	0	0	0	0	124	0
GTPBP2	15.500000	0	0	0	0	0	0	0	124	0
EMX1	15.500000	0	0	0	0	0	0	0	124	0
DCAF1	15.500000	0	0	0	0	0	0	0	124	0
CCDC167	15.500000	0	0	0	0	0	0	0	124	0
C1D	15.500000	0	0	0	0	0	0	0	124	0
ZNF600	15.375000	0	0	0	0	0	0	0	123	0
ZNF3	15.375000	0	0	0	0	0	0	0	123	0
XRCC6	15.375000	0	0	0	0	0	0	0	123	0
WDR62	15.375000	0	0	0	0	0	0	0	123	0
UBAP2	15.375000	0	0	0	0	0	0	0	123	0
THAP8	15.375000	0	0	0	0	0	0	0	123	0
SLC4A2	15.375000	0	0	0	0	0	0	0	123	0
SAP18	15.375000	0	0	0	0	0	0	0	123	0
PSMD12	15.375000	0	0	0	0	0	0	0	123	0
MED18	15.375000	0	0	0	0	0	0	0	123	0
GRPEL1	15.375000	0	0	0	0	0	0	0	123	0
FAM149B1	15.375000	0	0	0	0	0	0	0	123	0
ECD	15.375000	0	0	0	0	0	0	0	123	0
DGCR2	15.375000	0	0	0	0	0	0	0	123	0
DESI1	15.375000	0	0	0	0	0	0	0	123	0
DENND3	15.375000	0	0	0	0	0	0	0	123	0
CENPA	15.375000	0	0	0	0	0	0	0	123	0
CDK5	15.375000	0	0	0	0	0	0	0	123	0
ALOXE3	15.375000	0	0	0	0	0	0	123	0	0
ACTR3	15.375000	0	0	0	0	0	0	0	123	0
ZNF22	15.250000	0	0	0	0	0	0	0	122	0
TTC21B	15.250000	0	0	0	0	0	0	0	122	0
TMEM263	15.250000	0	0	0	0	0	0	0	122	0
THOC3	15.250000	0	0	0	0	0	0	0	122	0
SYMPK	15.250000	0	0	0	0	0	0	0	122	0
PPP2R3B	15.250000	0	0	0	0	0	0	0	122	0
POT1	15.250000	0	0	0	0	0	0	0	122	0
HMGN3	15.250000	0	0	0	0	0	0	0	122	0
FOXA3	15.250000	0	0	0	0	0	0	0	122	0
FBXO40	15.250000	122	0	0	0	0	0	0	0	0
FBXL19	15.250000	0	0	0	0	0	0	0	122	0
ERRFI1	15.250000	0	0	0	0	0	0	0	122	0
CCSAP	15.250000	0	0	0	0	0	0	0	122	0
C8orf37	15.250000	0	0	0	0	0	0	0	122	0
BICRA	15.250000	0	0	0	0	0	0	0	122	0
ABCA7	15.250000	0	0	0	0	0	0	0	122	0
ZSCAN32	15.125000	0	0	0	0	0	0	0	121	0
ZNF444	15.125000	0	0	0	0	0	0	0	121	0
ZNF304	15.125000	0	0	0	0	0	0	0	121	0
ZNF174	15.125000	0	0	0	0	0	0	0	121	0
SNRPD1	15.125000	0	0	0	0	0	0	0	121	0
PTPRA	15.125000	0	0	0	0	0	0	0	121	0
PHF7	15.125000	0	0	0	0	0	0	0	121	0
PER2	15.125000	0	0	0	0	0	0	0	121	0
PDXP	15.125000	0	0	0	0	0	0	0	121	0
PAPOLA	15.125000	0	0	0	0	0	0	0	121	0
OAZ2	15.125000	0	0	0	0	0	0	0	121	0
NUP62	15.125000	0	0	0	0	0	0	0	121	0
NPC2	15.125000	0	0	0	0	0	0	0	121	0
NDEL1	15.125000	0	0	0	0	0	0	0	121	0
MSRB1	15.125000	0	0	0	0	0	0	0	121	0
LRRC45	15.125000	0	0	0	0	0	0	0	121	0
ISCA2	15.125000	0	0	0	0	0	0	0	121	0
IPO9	15.125000	0	0	0	0	0	0	0	121	0
IL4I1	15.125000	0	0	0	0	0	0	0	121	0
GIPC1	15.125000	0	0	0	0	0	0	0	121	0
GATD3B	15.125000	0	0	0	0	0	0	0	121	0
GATD3A	15.125000	0	0	0	0	0	0	0	121	0
FBXO33	15.125000	0	0	0	0	0	0	0	121	0
EED	15.125000	0	0	0	0	0	0	0	121	0
CLPP	15.125000	0	0	0	0	0	0	0	121	0
CHD8	15.125000	0	0	0	0	0	0	0	121	0
CENPX	15.125000	0	0	0	0	0	0	0	121	0
CARS2	15.125000	0	0	0	0	0	0	0	121	0
C15orf40	15.125000	0	0	0	0	0	0	0	121	0
BMPR2	15.125000	0	0	0	0	0	0	0	121	0
BAP1	15.125000	0	0	0	0	0	0	0	121	0
ATP8A1	15.125000	0	0	0	0	0	0	0	121	0
ATF5	15.125000	0	0	0	0	0	0	0	121	0
ZFAND4	15.000000	0	0	0	0	0	0	0	120	0
TSSC4	15.000000	0	0	0	0	0	0	0	120	0
SMARCD2	15.000000	0	0	0	0	0	0	0	120	0
SMARCAL1	15.000000	0	0	0	0	0	0	0	120	0
SF3A2	15.000000	0	0	0	0	0	0	0	120	0
RTKN2	15.000000	0	0	0	0	0	0	0	120	0
RACGAP1	15.000000	0	0	0	0	0	0	0	120	0
PWP1	15.000000	0	0	0	0	0	0	0	120	0
PRRT1	15.000000	0	0	0	0	0	0	0	120	0
PPT2	15.000000	0	0	0	0	0	0	0	120	0
PPP1CA	15.000000	0	0	0	0	0	0	0	120	0
PLEKHJ1	15.000000	0	0	0	0	0	0	0	120	0
PITPNB	15.000000	0	0	0	0	0	0	0	120	0
NUMB	15.000000	0	0	0	0	0	0	0	120	0
NQO2	15.000000	0	0	0	0	0	0	0	120	0
NAA38	15.000000	0	0	0	0	0	0	0	120	0
MYDGF	15.000000	0	0	0	0	0	0	0	120	0
MAD2L2	15.000000	0	0	0	0	0	0	0	120	0
KIF2A	15.000000	0	0	0	0	0	0	0	120	0
GON4L	15.000000	0	0	0	0	0	0	0	120	0
GINS1	15.000000	0	0	0	0	0	0	0	120	0
GGA1	15.000000	0	0	0	0	0	0	0	120	0
DMWD	15.000000	0	0	0	0	0	0	0	120	0
CYB5D1	15.000000	0	0	0	0	0	0	0	120	0
CLN3	15.000000	0	0	0	0	0	0	0	120	0
ABI1	15.000000	0	0	0	0	0	0	0	120	0
ABCB9	15.000000	0	0	0	0	0	0	0	120	0
SHOC2	14.875000	0	0	0	0	0	0	0	119	0
SESN1	14.875000	0	0	0	0	0	0	0	119	0
RHEBL1	14.875000	0	0	0	0	0	0	0	119	0
PACC1	14.875000	0	0	0	0	0	0	0	119	0
HLCS	14.875000	0	0	0	0	0	0	0	119	0
HIP1	14.875000	0	0	0	0	0	0	0	119	0
GID4	14.875000	0	0	0	0	0	0	0	119	0
DHCR7	14.875000	0	0	0	0	0	0	0	119	0
DDX49	14.875000	0	0	0	0	0	0	0	119	0
COPE	14.875000	0	0	0	0	0	0	0	119	0
CEP57L1	14.875000	0	0	0	0	0	0	0	119	0
BBIP1	14.875000	0	0	0	0	0	0	0	119	0
ATPAF2	14.875000	0	0	0	0	0	0	0	119	0
ASPH	14.875000	0	0	0	0	0	0	0	119	0
AP5S1	14.875000	0	0	0	0	0	0	0	119	0
ZNF416	14.750000	0	0	0	0	0	0	0	118	0
UBTD1	14.750000	0	0	0	0	0	0	0	118	0
TMEM71	14.750000	0	0	0	0	0	0	0	118	0
TMEM69	14.750000	0	0	0	0	0	0	0	118	0
STRN3	14.750000	0	0	0	0	0	0	0	118	0
RAC1	14.750000	0	0	0	0	0	0	0	118	0
PSTK	14.750000	0	0	0	0	0	0	0	118	0
PPRC1	14.750000	0	0	0	0	0	0	0	118	0
PHF20L1	14.750000	0	0	0	0	0	0	0	118	0
NOP16	14.750000	0	0	0	0	0	0	0	118	0
MMS19	14.750000	0	0	0	0	0	0	0	118	0
MAPK7	14.750000	0	0	0	0	0	0	0	118	0
LUC7L3	14.750000	0	0	0	0	0	0	0	118	0
HIGD2A	14.750000	0	0	0	0	0	0	0	118	0
GPBP1L1	14.750000	0	0	0	0	0	0	0	118	0
FAM91A1	14.750000	0	0	0	0	0	0	0	118	0
ETFA	14.750000	0	0	0	0	0	0	0	118	0
DESI2	14.750000	0	0	0	0	0	0	0	118	0
DDX10	14.750000	0	0	0	0	0	0	0	118	0
BAIAP2L1	14.750000	0	0	0	0	0	0	0	118	0
B9D1	14.750000	0	0	0	0	0	0	0	118	0
AP4S1	14.750000	0	0	0	0	0	0	0	118	0
TMEM116	14.625000	0	0	0	0	0	0	0	117	0
TBC1D14	14.625000	0	0	0	0	0	0	0	117	0
SLC5A6	14.625000	0	0	0	0	0	0	0	117	0
SAFB2	14.625000	0	0	0	0	0	0	0	117	0
SAFB	14.625000	0	0	0	0	0	0	0	117	0
RMI1	14.625000	0	0	0	0	0	0	0	117	0
RELL1	14.625000	0	0	0	0	0	0	0	117	0
RBM42	14.625000	0	0	0	0	0	0	0	117	0
PPM1B	14.625000	0	0	0	0	0	0	0	117	0
PDE12	14.625000	0	0	0	0	0	0	0	117	0
NDUFV1	14.625000	0	0	0	0	0	0	0	117	0
MICOS10-NBL1	14.625000	0	0	0	0	0	0	0	117	0
MICOS10	14.625000	0	0	0	0	0	0	0	117	0
KXD1	14.625000	0	0	0	0	0	0	0	117	0
HNRNPK	14.625000	0	0	0	0	0	0	0	117	0
GDI2	14.625000	0	0	0	0	0	0	0	117	0
ERP29	14.625000	0	0	0	0	0	0	0	117	0
DHODH	14.625000	0	0	0	0	0	0	0	117	0
CUL3	14.625000	0	0	0	0	0	0	0	117	0
BAHCC1	14.625000	0	0	0	0	0	0	0	117	0
ATRAID	14.625000	0	0	0	0	0	0	0	117	0
ZSWIM9	14.500000	0	0	0	0	0	0	0	116	0
ZNF420	14.500000	0	0	0	0	0	0	0	116	0
ZNF318	14.500000	0	0	0	0	0	0	0	116	0
ZFP91	14.500000	0	0	0	0	0	0	0	116	0
XRCC1	14.500000	0	0	0	0	0	0	0	116	0
VPS33A	14.500000	0	0	0	0	0	0	0	116	0
TOGARAM1	14.500000	0	0	0	0	0	0	0	116	0
SF3A3	14.500000	0	0	0	0	0	0	0	116	0
SAP30	14.500000	0	0	0	0	0	0	0	116	0
RNF139	14.500000	0	0	0	0	0	0	0	116	0
RAD54B	14.500000	0	0	0	0	0	0	0	116	0
PTBP1	14.500000	0	0	0	0	0	0	0	116	0
PSKH1	14.500000	0	0	0	0	0	0	0	116	0
PPP1R12A	14.500000	0	0	0	0	0	0	0	116	0
PHB2	14.500000	0	0	0	0	0	0	0	116	0
PCTP	14.500000	0	0	0	0	0	0	0	116	0
PARD6A	14.500000	0	0	0	0	0	0	0	116	0
PACS2	14.500000	0	0	0	0	0	0	0	116	0
NPTN	14.500000	0	0	0	0	0	0	0	116	0
NFXL1	14.500000	0	0	0	0	0	0	0	116	0
LPXN	14.500000	0	0	0	0	0	0	0	116	0
LIG1	14.500000	0	0	0	0	0	0	0	116	0
KLHL28	14.500000	0	0	0	0	0	0	0	116	0
FH	14.500000	0	0	0	0	0	0	0	116	0
DYNC2I1	14.500000	0	0	0	0	0	0	0	116	0
DRG1	14.500000	0	0	0	0	0	0	0	116	0
DOP1B	14.500000	0	0	0	0	0	0	0	116	0
DNAJB2	14.500000	0	0	0	0	0	0	0	116	0
DHX34	14.500000	0	0	0	0	0	0	0	116	0
DDX42	14.500000	0	0	0	0	0	0	0	116	0
COMMD1	14.500000	0	0	0	0	0	0	0	116	0
CCT4	14.500000	0	0	0	0	0	0	0	116	0
CCDC47	14.500000	0	0	0	0	0	0	0	116	0
BRF1	14.500000	0	0	0	0	0	0	0	116	0
ACD	14.500000	0	0	0	0	0	0	0	116	0
ZNF701	14.375000	0	0	0	0	0	0	0	115	0
TXLNA	14.375000	0	0	0	0	0	0	0	115	0
SSR3	14.375000	0	0	0	0	0	0	0	115	0
SND1	14.375000	0	0	0	0	0	0	0	115	0
SLU7	14.375000	0	0	0	0	0	0	0	115	0
PTGR2	14.375000	0	0	0	0	0	0	0	115	0
PDP1	14.375000	0	0	0	0	0	0	0	115	0
PARK7	14.375000	0	0	0	0	0	0	0	115	0
NUDT15	14.375000	0	0	0	0	0	0	0	115	0
MED31	14.375000	0	0	0	0	0	0	0	115	0
C17orf100	14.375000	0	0	0	0	0	0	0	115	0
ATP6V0A1	14.375000	0	0	0	0	0	0	0	115	0
ZNF165	14.250000	0	0	0	0	0	0	0	114	0
TMX1	14.250000	0	0	0	0	0	0	0	114	0
RPS16	14.250000	0	0	0	0	0	0	0	114	0
PUM1	14.250000	0	0	0	0	0	0	0	114	0
PIK3R3	14.250000	0	0	0	0	0	0	0	114	0
NUDT8	14.250000	0	0	0	0	0	0	0	114	0
DYNLL2	14.250000	0	0	0	0	0	0	0	114	0
D2HGDH	14.250000	0	0	0	0	0	0	0	114	0
ALKBH5	14.250000	0	0	0	0	0	0	0	114	0
AKAP8	14.250000	0	0	0	0	0	0	0	114	0
WNK1	14.125000	0	0	0	0	0	0	0	113	0
SMIM30	14.125000	0	0	0	0	0	0	0	113	0
SIRT6	14.125000	0	0	0	0	0	0	0	113	0
RRM1	14.125000	0	0	0	0	0	0	0	113	0
PKD1	14.125000	0	0	0	0	0	0	0	113	0
MDC1	14.125000	0	0	0	0	0	0	0	113	0
MAZ	14.125000	0	0	0	0	0	0	0	113	0
HSPBP1	14.125000	0	0	0	0	0	0	0	113	0
HP1BP3	14.125000	0	0	0	0	0	0	0	113	0
GPD1L	14.125000	0	0	0	0	0	0	0	113	0
ELAC2	14.125000	0	0	0	0	0	0	0	113	0
CRBN	14.125000	0	0	0	0	0	0	0	113	0
BRK1	14.125000	0	0	0	0	0	0	0	113	0
ASCC1	14.125000	0	0	0	0	0	0	0	113	0
ANKRD24	14.125000	0	0	0	0	0	0	0	113	0
ANAPC16	14.125000	0	0	0	0	0	0	0	113	0
TMEM14C	14.000000	0	0	0	0	0	0	0	112	0
SOCS5	14.000000	0	0	0	0	0	0	0	112	0
SNAP29	14.000000	0	0	0	0	0	0	0	112	0
SLC25A1	14.000000	0	0	0	0	0	0	0	112	0
SENP8	14.000000	0	0	0	0	0	0	0	112	0
RPA2	14.000000	0	0	0	0	0	0	0	112	0
RETSAT	14.000000	0	0	0	0	0	0	0	112	0
PI4KA	14.000000	0	0	0	0	0	0	0	112	0
PAGR1	14.000000	0	0	0	0	0	0	0	112	0
NUDT16	14.000000	0	0	0	0	0	0	0	112	0
NFX1	14.000000	0	0	0	0	0	0	0	112	0
NDUFAF5	14.000000	0	0	0	0	0	0	0	112	0
MYO9A	14.000000	0	0	0	0	0	0	0	112	0
HEATR5B	14.000000	0	0	0	0	0	0	0	112	0
GPATCH11	14.000000	0	0	0	0	0	0	0	112	0
ESF1	14.000000	0	0	0	0	0	0	0	112	0
CDK11B	14.000000	0	0	0	0	0	0	0	112	0
CCNC	14.000000	0	0	0	0	0	0	0	112	0
ATXN7L2	14.000000	0	0	0	0	0	0	0	112	0
ZNF565	13.875000	0	0	0	0	0	0	0	111	0
ZNF451	13.875000	0	0	0	0	0	0	0	111	0
ZNF146	13.875000	0	0	0	0	0	0	0	111	0
UBR4	13.875000	0	0	0	0	0	0	0	111	0
UBALD2	13.875000	0	0	0	0	0	0	0	111	0
TUT1	13.875000	0	0	0	0	0	0	0	111	0
TSR1	13.875000	0	0	0	0	0	0	0	111	0
TFRC	13.875000	0	0	0	0	0	0	0	111	0
STXBP3	13.875000	0	0	0	0	0	0	0	111	0
SOX12	13.875000	0	0	0	0	0	0	0	111	0
SGSM2	13.875000	0	0	0	0	0	0	0	111	0
SDHA	13.875000	0	0	0	0	0	0	0	111	0
RAB10	13.875000	0	0	0	0	0	0	0	111	0
PCBP3	13.875000	0	0	0	0	0	0	0	111	0
MMD	13.875000	0	0	0	0	0	0	0	111	0
LMF1	13.875000	0	0	0	0	0	0	0	111	0
GET4	13.875000	0	0	0	0	0	0	0	111	0
FBXO27	13.875000	0	0	0	0	0	0	0	111	0
FAM219A	13.875000	0	0	0	0	0	0	0	111	0
DNAJB5	13.875000	0	0	0	0	0	0	0	111	0
DNAI1	13.875000	0	0	0	0	0	0	0	111	0
CSDE1	13.875000	0	0	0	0	0	0	0	111	0
CLCN7	13.875000	0	0	0	0	0	0	0	111	0
CIAO3	13.875000	0	0	0	0	0	0	0	111	0
CCDC127	13.875000	0	0	0	0	0	0	0	111	0
ZNF428	13.750000	0	0	0	0	0	0	0	110	0
VDAC2	13.750000	0	0	0	0	0	0	0	110	0
VARS2	13.750000	0	0	0	0	0	0	0	110	0
UBP1	13.750000	0	0	0	0	0	0	0	110	0
TTC13	13.750000	0	0	0	0	0	0	0	110	0
TSNAX	13.750000	0	0	0	0	0	0	0	110	0
TNFAIP8L1	13.750000	0	0	0	0	0	0	0	110	0
THAP5	13.750000	0	0	0	0	0	0	0	110	0
SNX17	13.750000	0	0	0	0	0	0	0	110	0
SAC3D1	13.750000	0	0	0	0	0	0	0	110	0
PLEKHA1	13.750000	0	0	0	0	0	0	0	110	0
NCL	13.750000	0	0	0	0	0	0	0	110	0
NCAM2	13.750000	0	0	0	0	0	0	0	110	0
MYH9	13.750000	0	0	0	0	0	0	0	110	0
KIFC1	13.750000	0	0	0	0	0	0	0	110	0
EIF2B4	13.750000	0	0	0	0	0	0	0	110	0
DNAJB9	13.750000	0	0	0	0	0	0	0	110	0
DAD1	13.750000	0	0	0	0	0	0	0	110	0
COQ8A	13.750000	0	0	0	0	0	0	0	110	0
VPS26C	13.625000	0	0	0	0	0	0	0	109	0
UBE2D2	13.625000	0	0	0	0	0	0	0	109	0
SUGP2	13.625000	0	0	0	0	0	0	0	109	0
SPAG9	13.625000	0	0	0	0	0	0	0	109	0
SLC22A18	13.625000	0	0	0	0	0	0	0	109	0
RAB1B	13.625000	0	0	0	0	0	0	0	109	0
PSMB10	13.625000	0	0	0	0	0	0	0	109	0
MIS12	13.625000	0	0	0	0	0	0	0	109	0
LTBP4	13.625000	0	0	0	0	0	0	0	109	0
JAKMIP1	13.625000	0	0	0	0	0	0	0	109	0
HNRNPH1	13.625000	0	0	0	0	0	0	0	109	0
FOSB	13.625000	0	0	0	0	0	0	0	109	0
E2F6	13.625000	0	0	0	0	0	0	0	109	0
DERL2	13.625000	0	0	0	0	0	0	0	109	0
C1orf109	13.625000	0	0	0	0	0	0	0	109	0
ARMC6	13.625000	0	0	0	0	0	0	0	109	0
AP1S1	13.625000	0	0	0	0	0	0	0	109	0
ADSS2	13.625000	0	0	0	0	0	0	0	109	0
ZNF567	13.500000	0	0	0	0	0	0	0	108	0
ZDHHC17	13.500000	0	0	0	0	0	0	0	108	0
TADA1	13.500000	0	0	0	0	0	0	0	108	0
STARD7	13.500000	0	0	0	0	0	0	0	108	0
SMURF2	13.500000	0	0	0	0	0	0	0	108	0
RPP40	13.500000	0	0	0	0	0	0	0	108	0
RNF24	13.500000	0	0	0	0	0	0	0	108	0
RNASEH1	13.500000	0	0	0	0	0	0	0	108	0
RBM7	13.500000	0	0	0	0	0	0	0	108	0
KNTC1	13.500000	0	0	0	0	0	0	0	108	0
GOLIM4	13.500000	0	0	0	0	0	0	0	108	0
GDF5	13.500000	0	0	0	0	0	0	0	108	0
EEF1G	13.500000	0	0	0	0	0	0	0	108	0
DHTKD1	13.500000	0	0	0	0	0	0	0	108	0
COPS7A	13.500000	0	0	0	0	0	0	0	108	0
CEP250	13.500000	0	0	0	0	0	0	0	108	0
CC2D1A	13.500000	0	0	0	0	0	0	0	108	0
CARM1	13.500000	0	0	0	0	0	0	0	108	0
C19orf57	13.500000	0	0	0	0	0	0	0	108	0
C11orf71	13.500000	0	0	0	0	0	0	0	108	0
AUTS2	13.500000	0	0	0	0	0	0	0	108	0
ZFYVE28	13.375000	0	0	0	0	0	0	0	107	0
ZFP41	13.375000	0	0	0	0	0	0	0	107	0
WDR77	13.375000	0	0	0	0	0	0	0	107	0
TMEM87B	13.375000	0	0	0	0	0	0	0	107	0
STARD9	13.375000	0	0	0	0	0	0	0	107	0
SLC33A1	13.375000	0	0	0	0	0	0	0	107	0
RAB30	13.375000	0	0	0	0	0	0	0	107	0
PHF13	13.375000	0	0	0	0	0	0	0	107	0
OIP5	13.375000	0	0	0	0	0	0	0	107	0
NUSAP1	13.375000	0	0	0	0	0	0	0	107	0
NPRL2	13.375000	0	0	0	0	0	0	0	107	0
HMG20B	13.375000	0	0	0	0	0	0	0	107	0
CYB561D2	13.375000	0	0	0	0	0	0	0	107	0
CPEB1	13.375000	0	0	0	0	0	0	0	107	0
CFAP99	13.375000	0	0	0	0	0	0	0	107	0
CDC73	13.375000	0	0	0	0	0	0	0	107	0
BAZ1B	13.375000	0	0	0	0	0	0	0	107	0
ATP5PB	13.375000	0	0	0	0	0	0	0	107	0
ZMPSTE24	13.250000	0	0	0	0	0	0	0	106	0
YWHAG	13.250000	0	0	0	0	0	0	0	106	0
WDHD1	13.250000	0	0	0	0	0	0	0	106	0
WASHC4	13.250000	0	0	0	0	0	0	0	106	0
USO1	13.250000	0	0	0	0	0	0	0	106	0
TVP23B	13.250000	0	0	0	0	0	0	0	106	0
SOCS4	13.250000	0	0	0	0	0	0	0	106	0
SLC8B1	13.250000	0	0	0	0	0	0	0	106	0
SLC30A8	13.250000	0	0	0	0	0	0	0	106	0
RPL15	13.250000	0	0	0	0	0	0	0	106	0
PTGES3	13.250000	0	0	0	0	0	0	0	106	0
PRR12	13.250000	0	0	0	0	0	0	0	106	0
OPA3	13.250000	0	0	0	0	0	0	0	106	0
ODC1	13.250000	0	0	0	0	0	0	0	106	0
OCA2	13.250000	0	0	0	0	0	0	0	106	0
NKIRAS1	13.250000	0	0	0	0	0	0	0	106	0
KRR1	13.250000	0	0	0	0	0	0	0	106	0
HGS	13.250000	0	0	0	0	0	0	0	106	0
GLRX2	13.250000	0	0	0	0	0	0	0	106	0
ERICH2	13.250000	0	0	0	0	0	0	0	106	0
EPS15L1	13.250000	0	0	0	0	0	0	0	106	0
EPS15	13.250000	0	0	0	0	0	0	0	106	0
EP400	13.250000	0	0	0	0	0	0	0	106	0
DIXDC1	13.250000	0	0	0	0	0	0	0	106	0
ARL16	13.250000	0	0	0	0	0	0	0	106	0
ZCWPW2	13.125000	0	0	0	0	0	0	0	105	0
VHL	13.125000	0	0	0	0	0	0	0	105	0
STAT1	13.125000	0	0	0	0	0	0	0	105	0
SNRPE	13.125000	0	0	0	0	0	0	0	105	0
SF1	13.125000	0	0	0	0	0	0	0	105	0
RPS12	13.125000	0	0	0	0	0	0	0	105	0
NOL7	13.125000	0	0	0	0	0	0	0	105	0
LIPA	13.125000	0	0	0	0	0	0	0	105	0
HNRNPLL	13.125000	0	0	0	0	0	0	0	105	0
EIF5A	13.125000	0	0	0	0	0	0	0	105	0
AZI2	13.125000	0	0	0	0	0	0	0	105	0
YIF1A	13.000000	0	0	0	0	0	0	0	104	0
UBE2N	13.000000	0	0	0	0	0	0	0	104	0
RPP30	13.000000	0	0	0	0	0	0	0	104	0
KIF16B	13.000000	0	0	0	0	0	0	0	104	0
GTF3A	13.000000	0	0	0	0	0	0	0	104	0
FHL2	13.000000	0	0	0	0	0	0	0	104	0
EIF3CL	13.000000	0	0	0	0	0	0	0	104	0
EIF3C	13.000000	0	0	0	0	0	0	0	104	0
EFCAB13	13.000000	0	0	0	0	0	0	0	104	0
CD82	13.000000	0	0	0	0	0	0	0	104	0
C8orf82	13.000000	0	0	0	0	0	0	0	104	0
TRIM33	12.875000	0	0	0	0	0	0	0	103	0
SLC41A3	12.875000	0	0	0	0	0	0	0	103	0
SCAF11	12.875000	0	0	0	0	0	0	0	103	0
RCBTB2	12.875000	0	0	0	0	0	0	0	103	0
RANBP2	12.875000	0	0	0	0	0	0	0	103	0
PSME1	12.875000	0	0	0	0	0	0	0	103	0
PPAN-P2RY11	12.875000	0	0	0	0	0	0	0	103	0
PPAN	12.875000	0	0	0	0	0	0	0	103	0
MYL6B	12.875000	0	0	0	0	0	0	0	103	0
ING2	12.875000	0	0	0	0	0	0	0	103	0
INAFM2	12.875000	0	0	0	0	0	0	0	103	0
FAF1	12.875000	0	0	0	0	0	0	0	103	0
EIF4EBP2	12.875000	0	0	0	0	0	0	0	103	0
CNPY2	12.875000	0	0	0	0	0	0	0	103	0
CDK11A	12.875000	0	0	0	0	0	0	0	103	0
WDR6	12.750000	0	0	0	0	0	0	0	102	0
UNC5B	12.750000	0	0	0	0	0	0	0	102	0
SRSF7	12.750000	0	0	0	0	0	0	0	102	0
SMPD3	12.750000	0	0	0	0	0	0	0	102	0
SEPHS2	12.750000	0	0	0	0	0	0	0	102	0
SELENOI	12.750000	0	0	0	0	0	0	0	102	0
MRPL48	12.750000	0	0	0	0	0	0	0	102	0
MMACHC	12.750000	0	0	0	0	0	0	0	102	0
LARP4	12.750000	0	0	0	0	0	0	0	102	0
GRSF1	12.750000	0	0	0	0	0	0	0	102	0
DCAF4	12.750000	0	0	0	0	0	0	0	102	0
CYBC1	12.750000	0	0	0	0	0	0	0	102	0
CLIC4	12.750000	0	0	0	0	0	0	0	102	0
CCDC163	12.750000	0	0	0	0	0	0	0	102	0
ANAPC11	12.750000	0	0	0	0	0	0	0	102	0
ALYREF	12.750000	0	0	0	0	0	0	0	102	0
ADGRF3	12.750000	0	0	0	0	0	0	0	102	0
ZNF559-ZNF177	12.625000	0	0	0	0	0	0	0	101	0
ZNF559	12.625000	0	0	0	0	0	0	0	101	0
USP14	12.625000	0	0	0	0	0	0	0	101	0
SPTBN4	12.625000	0	0	0	0	0	0	0	101	0
RRS1	12.625000	0	0	0	0	0	0	0	101	0
PARPBP	12.625000	0	0	0	0	0	0	0	101	0
PAM16	12.625000	0	0	0	0	0	0	0	101	0
NUP37	12.625000	0	0	0	0	0	0	0	101	0
NUDCD2	12.625000	0	0	0	0	0	0	0	101	0
NIPA2	12.625000	0	0	0	0	0	0	0	101	0
NAA80	12.625000	0	0	0	0	0	0	0	101	0
MYO9B	12.625000	0	0	0	0	0	0	0	101	0
KDM5C	12.625000	0	0	0	0	0	0	0	101	0
HYAL3	12.625000	0	0	0	0	0	0	0	101	0
HOMEZ	12.625000	0	0	0	0	0	0	0	101	0
HMMR	12.625000	0	0	0	0	0	0	0	101	0
HAUS8	12.625000	0	0	0	0	0	0	0	101	0
GINM1	12.625000	0	0	0	0	0	0	0	101	0
EPB41L5	12.625000	0	0	0	0	0	0	0	101	0
DAZAP1	12.625000	0	0	0	0	0	0	0	101	0
CLUH	12.625000	0	0	0	0	0	0	0	101	0
CBX7	12.625000	0	0	0	0	0	0	0	101	0
BLVRB	12.625000	0	0	0	0	0	0	0	101	0
ZNF155	12.500000	0	0	0	0	0	0	0	100	0
SCPEP1	12.500000	0	0	0	0	0	0	0	100	0
RASSF1	12.500000	0	0	0	0	0	0	0	100	0
RAB14	12.500000	0	0	0	0	0	0	0	100	0
NHEJ1	12.500000	0	0	0	0	0	0	0	100	0
MYBL1	12.500000	0	0	0	0	0	0	0	100	0
MLF1	12.500000	0	0	0	0	0	0	0	100	0
GSN	12.500000	0	0	0	0	0	0	0	100	0
CTU1	12.500000	0	0	0	0	0	0	0	100	0
CRB1	12.500000	0	0	0	0	0	0	0	100	0
CARNMT1	12.500000	0	0	0	0	0	0	0	100	0
ASH2L	12.500000	0	0	0	0	0	0	0	100	0
STK19	12.375000	0	0	0	0	0	0	0	99	0
PRPSAP1	12.375000	0	0	0	0	0	0	0	99	0
PABPC1	12.375000	0	0	0	0	0	0	0	99	0
METTL11B	12.375000	99	0	0	0	0	0	0	0	0
ILVBL	12.375000	0	0	0	0	0	0	0	99	0
HIKESHI	12.375000	0	0	0	0	0	0	0	99	0
DXO	12.375000	0	0	0	0	0	0	0	99	0
CSTF2T	12.375000	0	0	0	0	0	0	0	99	0
COMMD4	12.375000	0	0	0	0	0	0	0	99	0
CIPC	12.375000	0	0	0	0	0	0	0	99	0
CDV3	12.375000	0	0	0	0	0	0	0	99	0
ATP6V0D1	12.375000	0	0	0	0	0	0	0	99	0
AKAP1	12.375000	0	0	0	0	0	0	0	99	0
ZYG11A	12.250000	0	0	0	0	0	0	0	98	0
ZNRF3	12.250000	0	0	0	0	0	0	0	98	0
TESK1	12.250000	0	0	0	0	0	0	0	98	0
RNF114	12.250000	0	0	0	0	0	0	0	98	0
PTDSS2	12.250000	0	0	0	0	0	0	0	98	0
PRXL2B	12.250000	0	0	0	0	0	0	0	98	0
NUMA1	12.250000	0	0	0	0	0	0	0	98	0
MRPL38	12.250000	0	0	0	0	0	0	0	98	0
LRTOMT	12.250000	0	0	0	0	0	0	0	98	0
ATP5MC2	12.250000	0	0	0	0	0	0	0	98	0
ZMYM6	12.125000	0	0	0	0	0	0	0	97	0
UBE2D3	12.125000	0	0	0	0	0	0	0	97	0
TMEM167B	12.125000	0	0	0	0	0	0	0	97	0
TIGD1	12.125000	0	0	0	0	0	0	0	97	0
SLC39A13	12.125000	0	0	0	0	0	0	0	97	0
SAMD8	12.125000	0	0	0	0	0	0	0	97	0
RPL23A	12.125000	0	0	0	0	0	0	0	97	0
RPL22	12.125000	0	0	0	0	0	0	0	97	0
GGPS1	12.125000	0	0	0	0	0	0	0	97	0
GALK2	12.125000	0	0	0	0	0	0	0	97	0
EIF4E2	12.125000	0	0	0	0	0	0	0	97	0
DMAC2	12.125000	0	0	0	0	0	0	0	97	0
DGCR6L	12.125000	0	0	0	0	0	0	0	97	0
COPS2	12.125000	0	0	0	0	0	0	0	97	0
ARID4B	12.125000	0	0	0	0	0	0	0	97	0
AFG3L2	12.125000	0	0	0	0	0	0	0	97	0
AEN	12.125000	0	0	0	0	0	0	0	97	0
UBR7	12.000000	0	0	0	0	0	0	0	96	0
RUVBL1	12.000000	0	0	0	0	0	0	0	96	0
PHF10	12.000000	0	0	0	0	0	0	0	96	0
PES1	12.000000	0	0	0	0	0	0	0	96	0
PAK4	12.000000	0	0	0	0	0	0	0	96	0
MIS18BP1	12.000000	0	0	0	0	0	0	0	96	0
GON7	12.000000	0	0	0	0	0	0	0	96	0
C17orf97	12.000000	0	0	0	0	0	0	0	96	0
ZNF202	11.875000	0	0	0	0	0	0	0	95	0
POLR2J	11.875000	0	0	0	0	0	0	0	95	0
LMBR1	11.875000	0	0	0	0	0	0	0	95	0
KIF22	11.875000	0	0	0	0	0	0	0	95	0
DAXX	11.875000	0	0	0	0	0	0	0	95	0
C10orf143	11.875000	0	0	0	0	0	0	0	95	0
ATP13A1	11.875000	0	0	0	0	0	0	0	95	0
ARF4	11.875000	0	0	0	0	0	0	0	95	0
ZNF865	11.750000	0	0	0	0	0	0	0	94	0
ZC3H15	11.750000	0	0	0	0	0	0	0	94	0
YLPM1	11.750000	0	0	0	0	0	0	0	94	0
TSTD2	11.750000	0	0	0	0	0	0	0	94	0
TIMM50	11.750000	0	0	0	0	0	0	0	94	0
TERF2IP	11.750000	0	0	0	0	0	0	0	94	0
TAF7	11.750000	0	0	0	0	0	0	0	94	0
PAAF1	11.750000	0	0	0	0	0	0	0	94	0
P4HB	11.750000	0	0	0	0	0	0	0	94	0
NCBP1	11.750000	0	0	0	0	0	0	0	94	0
KARS1	11.750000	0	0	0	0	0	0	0	94	0
INTS9	11.750000	0	0	0	0	0	0	0	94	0
HMBOX1	11.750000	0	0	0	0	0	0	0	94	0
COA4	11.750000	0	0	0	0	0	0	0	94	0
TRAPPC3	11.625000	0	0	0	0	0	0	0	93	0
SLC25A28	11.625000	0	0	0	0	0	0	0	93	0
SLC25A10	11.625000	0	0	0	0	0	0	0	93	0
SIX5	11.625000	0	0	0	0	0	0	0	93	0
SELENOH	11.625000	0	0	0	0	0	0	0	93	0
SEC22C	11.625000	0	0	0	0	0	0	0	93	0
RPS8	11.625000	0	0	0	0	0	0	0	93	0
PPM1D	11.625000	0	0	0	0	0	0	0	93	0
NKTR	11.625000	0	0	0	0	0	0	0	93	0
NBEAL1	11.625000	0	0	0	0	0	0	0	93	0
MRPS14	11.625000	0	0	0	0	0	0	0	93	0
MICALL2	11.625000	0	0	0	0	0	0	0	93	0
GPATCH8	11.625000	0	0	0	0	0	0	0	93	0
EPRS1	11.625000	0	0	0	0	0	0	0	93	0
CASP2	11.625000	0	0	0	0	0	0	0	93	0
BPHL	11.625000	0	0	0	0	0	0	0	93	0
AFF4	11.625000	0	0	0	0	0	0	0	93	0
WBP1L	11.500000	0	0	0	0	0	0	0	92	0
WASF1	11.500000	0	0	0	0	0	0	0	92	0
UPF2	11.500000	0	0	0	0	0	0	0	92	0
UBA52	11.500000	0	0	0	0	0	0	0	92	0
SLC12A2	11.500000	0	0	0	0	0	0	0	92	0
RER1	11.500000	0	0	0	0	0	0	0	92	0
PELP1	11.500000	0	0	0	0	0	0	0	92	0
NAA60	11.500000	0	0	0	0	0	0	0	92	0
MORN1	11.500000	0	0	0	0	0	0	0	92	0
EIF1AD	11.500000	0	0	0	0	0	0	0	92	0
CDC40	11.500000	0	0	0	0	0	0	0	92	0
CD99	11.500000	0	0	0	0	0	0	0	92	0
BANF1	11.500000	0	0	0	0	0	0	0	92	0
SQLE	11.375000	0	0	0	0	0	0	0	91	0
SIPA1L1	11.375000	0	0	0	0	0	0	0	91	0
RHBDD1	11.375000	0	0	0	0	0	0	0	91	0
RAB3GAP2	11.375000	0	0	0	0	0	0	0	91	0
NFATC4	11.375000	0	0	0	0	0	0	0	91	0
NDUFA6	11.375000	0	0	0	0	0	0	0	91	0
MDM4	11.375000	0	0	0	0	0	0	0	91	0
MATR3	11.375000	0	0	0	0	0	0	0	91	0
HNRNPF	11.375000	0	0	0	0	0	0	0	91	0
FAM117B	11.375000	0	0	0	0	0	0	0	91	0
DLGAP4	11.375000	0	0	0	0	0	0	0	91	0
CCT8	11.375000	0	0	0	0	0	0	0	91	0
CAP1	11.375000	0	0	0	0	0	0	0	91	0
BUB3	11.375000	0	0	0	0	0	0	0	91	0
TMEM120B	11.250000	0	0	0	0	0	0	0	90	0
PPP1R14B	11.250000	0	0	0	0	0	0	0	90	0
MRPL45	11.250000	0	0	0	0	0	0	0	90	0
MDM2	11.250000	0	0	0	0	0	0	0	90	0
INTS13	11.250000	0	0	0	0	0	0	0	90	0
HNRNPC	11.250000	0	0	90	0	0	0	0	0	0
HEATR1	11.250000	0	0	0	0	0	0	0	90	0
FGFR1OP2	11.250000	0	0	0	0	0	0	0	90	0
ADSS1	11.250000	0	0	0	0	0	0	0	90	0
ZNF56	11.125000	0	0	0	0	0	0	0	89	0
POLR3F	11.125000	0	0	0	0	0	0	0	89	0
MARCHF8	11.125000	0	0	0	0	0	0	0	89	0
GLO1	11.125000	0	0	0	0	0	0	0	89	0
DZANK1	11.125000	0	0	0	0	0	0	0	89	0
ANO10	11.125000	0	0	0	0	0	0	0	89	0
TPCN1	11.000000	0	0	0	0	0	0	0	88	0
SLC25A19	11.000000	0	0	0	0	0	0	0	88	0
IQCD	11.000000	0	0	0	0	0	0	0	88	0
EMC2	11.000000	0	0	0	0	0	0	0	88	0
ZNF181	10.875000	0	0	0	0	0	0	0	87	0
UQCC1	10.875000	0	0	0	0	0	0	0	87	0
HSPA2	10.875000	0	0	0	0	0	0	0	87	0
FASTKD2	10.875000	0	0	0	0	0	0	0	87	0
FANCC	10.875000	0	0	0	0	0	0	0	87	0
DNTTIP2	10.875000	0	0	0	0	0	0	0	87	0
CANX	10.875000	0	0	0	0	0	0	0	87	0
RPL18A	10.750000	0	0	0	0	0	0	0	86	0
GPR108	10.625000	0	0	0	0	0	0	0	85	0
GLRX5	10.625000	0	0	0	0	0	0	0	85	0
FEM1A	10.625000	0	0	0	0	0	0	0	85	0
AGBL3	10.625000	0	0	0	0	0	0	0	85	0
ADIPOR2	10.625000	0	0	0	0	0	0	0	85	0
ACBD4	10.625000	0	0	0	0	0	0	0	85	0
ZNF84	10.500000	0	0	0	0	0	0	0	84	0
ZBTB40	10.500000	0	0	0	0	0	0	0	84	0
RPS27A	10.500000	0	0	0	0	0	0	0	84	0
NDRG1	10.500000	0	0	0	0	0	0	0	84	0
FIGNL1	10.500000	0	0	0	0	0	0	0	84	0
ETF1	10.500000	0	0	0	0	0	0	0	84	0
DARS1	10.500000	0	0	0	0	0	0	0	84	0
CTR9	10.500000	0	0	0	0	0	0	0	84	0
CLHC1	10.500000	0	0	0	0	0	0	0	84	0
ZNF554	10.375000	0	0	0	0	0	0	0	83	0
YIPF5	10.375000	0	0	0	0	0	0	0	83	0
TMEM60	10.375000	0	0	0	0	0	0	0	83	0
STK11	10.375000	0	0	0	0	0	0	0	83	0
PTRHD1	10.375000	0	0	0	0	0	0	0	83	0
PLK3	10.375000	0	0	0	0	0	0	0	83	0
PHTF2	10.375000	0	0	0	0	0	0	0	83	0
NXT1	10.375000	0	0	0	0	0	0	0	83	0
MSL2	10.375000	0	0	0	0	0	0	0	83	0
MRPL54	10.375000	0	0	0	0	0	0	0	83	0
MITD1	10.375000	0	0	0	0	0	0	0	83	0
METTL1	10.375000	0	0	0	0	0	0	0	83	0
KCTD16	10.375000	0	0	0	0	0	0	0	83	0
IQCH	10.375000	0	0	0	0	0	0	0	83	0
HSPA9	10.375000	0	0	0	0	0	0	0	83	0
EEF1AKMT3	10.375000	0	0	0	0	0	0	0	83	0
CRY2	10.375000	0	0	0	0	0	0	0	83	0
COPS3	10.375000	0	0	0	0	0	0	0	83	0
CENPO	10.375000	0	0	0	0	0	0	0	83	0
AFG1L	10.375000	0	0	0	0	0	0	0	83	0
AAGAB	10.375000	0	0	0	0	0	0	0	83	0
TECR	10.250000	0	0	0	0	0	0	0	82	0
TAF8	10.250000	0	0	0	0	0	0	0	82	0
SPSB2	10.250000	0	0	0	0	0	0	0	82	0
NMT1	10.250000	0	0	0	0	0	0	0	82	0
DNAJB1	10.250000	0	0	0	0	0	0	0	82	0
DCAKD	10.250000	0	0	0	0	0	0	0	82	0
ZNF12	10.125000	0	0	0	0	0	0	0	81	0
RSRP1	10.125000	0	0	0	0	0	0	0	81	0
RALGAPB	10.125000	0	0	0	0	0	0	0	81	0
PAIP2B	10.125000	0	0	0	0	0	0	0	81	0
CDK5RAP3	10.125000	0	0	0	0	0	0	0	81	0
TRMT5	10.000000	0	0	0	0	0	0	0	80	0
TIA1	10.000000	0	0	0	0	0	0	0	80	0
SLC4A7	10.000000	0	0	0	0	0	0	0	80	0
SLC38A6	10.000000	0	0	0	0	0	0	0	80	0
PSMD8	10.000000	0	0	0	0	0	0	0	80	0
POLD1	10.000000	0	0	0	0	0	0	0	80	0
KIF20A	10.000000	0	0	0	0	0	0	0	80	0
BRD8	10.000000	0	0	0	0	0	0	0	80	0
ALAD	10.000000	0	0	0	0	0	0	0	80	0
ZNF184	9.875000	0	0	0	0	0	0	0	79	0
ZNF160	9.875000	0	0	0	0	0	0	0	79	0
SPAG4	9.875000	0	0	0	0	0	0	0	79	0
RYBP	9.875000	0	0	0	0	0	0	0	79	0
HSF1	9.875000	0	0	0	0	0	0	0	79	0
BOP1	9.875000	0	0	0	0	0	0	0	79	0
VCL	9.750000	0	0	0	0	0	0	0	78	0
UBE3A	9.750000	0	0	0	0	0	0	0	78	0
PPFIA3	9.750000	0	0	0	0	0	0	0	78	0
POLR1D	9.750000	0	0	0	0	0	0	0	78	0
PCMTD1	9.750000	0	0	0	0	0	0	0	78	0
NR1D2	9.750000	0	0	0	0	0	0	0	78	0
LNX2	9.750000	0	0	0	0	0	0	0	78	0
EIF1B	9.750000	0	0	0	0	0	0	0	78	0
CZIB	9.750000	0	0	0	0	0	0	0	78	0
C19orf73	9.750000	0	0	0	0	0	0	0	78	0
ZNF652	9.625000	0	0	0	0	0	0	0	77	0
ZNF471	9.500000	0	0	0	0	0	0	0	76	0
SETD3	9.500000	0	0	0	0	0	0	0	76	0
PSMC4	9.500000	0	0	0	0	0	0	0	76	0
OGG1	9.500000	0	0	0	0	0	0	0	76	0
CUEDC2	9.500000	0	0	0	0	0	0	0	76	0
CCNK	9.500000	0	0	0	0	0	0	0	76	0
TMUB2	9.375000	0	0	0	0	0	0	0	75	0
PRKAB2	9.375000	0	0	0	0	0	0	0	75	0
NFE2L1	9.375000	0	0	0	0	0	0	0	75	0
CMTR2	9.375000	0	0	0	0	0	0	0	75	0
CHD1L	9.375000	0	0	0	0	0	0	0	75	0
ZMIZ1	9.250000	0	0	0	0	0	0	0	74	0
TRIM26	9.250000	0	0	0	0	0	0	0	74	0
SWI5	9.250000	0	0	0	0	0	0	0	74	0
PSMD4	9.250000	0	0	0	0	0	0	0	74	0
PRDX3	9.250000	0	0	0	0	0	0	0	74	0
GOLGA2	9.250000	0	0	0	0	0	0	0	74	0
CCDC107	9.250000	0	0	0	0	0	0	0	74	0
ATP6V1B2	9.250000	0	0	0	0	0	0	0	74	0
ZNF566	9.125000	0	0	0	0	0	0	0	73	0
MFSD5	9.125000	0	0	0	0	0	0	0	73	0
ABCF2	9.125000	0	0	0	0	0	0	0	73	0
P4HA1	9.000000	0	0	0	0	0	0	0	72	0
LOC114841035	9.000000	0	0	0	0	0	0	0	72	0
FKBP2	9.000000	0	0	0	0	0	0	0	72	0
C12orf73	9.000000	0	0	0	0	0	0	0	72	0
PARS2	8.875000	0	0	0	0	0	0	0	71	0
HNRNPD	8.875000	0	0	0	0	0	0	0	71	0
DENND4A	8.875000	0	0	0	0	0	0	0	71	0
ACBD6	8.875000	0	0	0	0	0	0	0	71	0
TMEM170A	8.750000	0	0	0	0	0	0	0	70	0
SLC35E2A	8.625000	0	0	0	0	0	0	0	69	0
MTDH	8.625000	0	0	0	0	0	0	0	69	0
ZNF517	8.500000	0	0	0	0	0	0	0	68	0
CCNT1	8.500000	0	0	0	0	0	0	0	68	0
ZNF784	8.375000	0	0	0	0	0	0	0	67	0
AHCTF1	8.375000	0	0	0	0	0	0	0	67	0
GTF2IRD2B	8.250000	0	0	0	0	0	0	0	66	0
TERF2	8.125000	0	0	0	0	0	0	0	65	0
PIAS1	8.125000	0	0	0	0	0	0	0	65	0
EFHD2	8.125000	0	0	0	0	0	0	0	65	0
CTNNBIP1	8.125000	0	0	0	0	0	0	0	65	0
FNTB	8.000000	0	0	0	0	0	0	0	64	0
MESD	7.750000	0	0	0	0	0	0	0	62	0
PARP2	7.500000	0	0	0	0	0	0	0	60	0
TIMM44	7.375000	0	0	0	0	0	0	0	59	0
ARHGAP35	7.375000	0	0	0	0	0	0	0	59	0
POU5F1	0.000000	0	0	0	0	0	0	0	0	507
HOXA9	0.000000	0	0	0	0	0	0	0	0	429
