,PseudoTime1,PseudoTime2,PseudoTime3,PseudoTime4
E359_326,NA,NA,NA,0.40755
E788_251,0.31321,NA,NA,NA
E407_27,0.03145,NA,NA,NA
E375_745,0.93459,NA,NA,NA
E15_270,0.33711,NA,NA,NA
E936_182,NA,NA,0.22642,NA
E647_475,NA,NA,0.59497,NA
E548_165,0.20503,NA,NA,NA
E97_200,0.24906,NA,NA,NA
E783_441,NA,NA,0.5522,NA
E383_625,0.78365,NA,NA,NA
E322_740,NA,NA,NA,0.9283
E944_457,0.57233,NA,NA,NA
E214_77,NA,NA,0.09434,NA
E978_331,NA,NA,0.41384,NA
E481_144,0.17862,NA,NA,NA
E840_393,NA,NA,0.49182,NA
E633_372,0.46541,NA,NA,NA
E264_564,0.70692,NA,NA,NA
E204_139,NA,NA,0.17233,NA
E433_268,NA,NA,0.33459,NA
E528_317,0.39623,NA,NA,NA
E748_409,0.51195,NA,NA,NA
E654_162,0.20126,NA,NA,NA
E948_583,0.73082,NA,NA,NA
E130_30,0.03522,NA,NA,NA
E391_505,NA,NA,0.6327,NA
E39_772,NA,NA,0.96855,NA
E333_436,NA,NA,0.54591,NA
E926_197,NA,NA,NA,0.24528
E879_598,NA,NA,0.74969,NA
E356_328,NA,NA,NA,0.41006
E927_344,NA,NA,0.43019,NA
E22_206,NA,NA,0.2566,NA
E689_684,NA,NA,NA,0.85786
E819_484,NA,NA,0.60629,NA
E450_205,NA,NA,0.25535,NA
E455_598,NA,NA,NA,0.74969
E676_543,0.6805,NA,NA,NA
E820_313,NA,NA,0.39119,NA
E489_649,0.81384,NA,NA,NA
E629_787,0.98742,NA,NA,NA
E560_647,NA,NA,0.81132,NA
E202_199,0.2478,NA,NA,NA
E242_455,NA,0.56981,NA,NA
E760_190,NA,0.23648,NA,NA
E477_132,0.16352,NA,NA,NA
E724_229,NA,0.28553,NA,NA
E800_720,0.90314,NA,NA,NA
E545_192,0.23899,NA,NA,NA
E199_473,NA,NA,0.59245,NA
E445_715,NA,0.89686,NA,NA
E592_138,NA,NA,NA,0.17107
E794_42,NA,NA,0.05031,NA
E213_310,NA,NA,0.38742,NA
E902_63,0.07673,NA,NA,NA
E908_66,NA,NA,NA,0.0805
E295_72,0.08805,NA,NA,NA
E599_633,NA,0.79371,NA,NA
E182_768,0.96352,NA,NA,NA
E219_353,NA,NA,0.44151,NA
E244_700,NA,NA,0.87799,NA
E306_451,NA,NA,0.56478,NA
E107_483,0.60503,NA,NA,NA
E208_746,0.93585,NA,NA,NA
E294_290,NA,0.36226,NA,NA
E814_676,0.8478,NA,NA,NA
E438_339,NA,NA,0.4239,NA
E402_504,0.63145,NA,NA,NA
E430_20,0.02264,NA,NA,NA
E193_139,0.17233,NA,NA,NA
E335_147,NA,NA,NA,0.18239
E527_203,NA,NA,0.25283,NA
E300_626,NA,NA,NA,0.78491
E984_170,0.21132,NA,NA,NA
E681_268,NA,NA,NA,0.33459
E382_575,NA,NA,0.72075,NA
E652_84,0.10314,NA,NA,NA
E108_681,0.85409,NA,NA,NA
E554_796,NA,NA,NA,0.99874
E777_363,NA,NA,0.45409,NA
E75_115,NA,0.14214,NA,NA
E297_307,0.38365,NA,NA,NA
E406_400,NA,NA,0.50063,NA
E852_769,NA,NA,0.96478,NA
E887_153,NA,0.18994,NA,NA
E268_162,NA,NA,0.20126,NA
E573_512,0.64151,NA,NA,NA
E793_99,NA,0.12201,NA,NA
E331_662,0.83019,NA,NA,NA
E781_239,0.29811,NA,NA,NA
E993_332,NA,NA,0.41509,NA
E551_704,0.88302,NA,NA,NA
E490_398,0.49811,NA,NA,NA
E275_371,0.46415,NA,NA,NA
E435_190,NA,NA,0.23648,NA
E184_29,NA,0.03396,NA,NA
E739_668,0.83774,NA,NA,NA
E311_257,NA,0.32075,NA,NA
E79_796,0.99874,NA,NA,NA
E583_699,0.87673,NA,NA,NA
E4_685,0.85912,NA,NA,NA
E254_354,NA,NA,0.44277,NA
E531_699,0.87673,NA,NA,NA
E220_790,0.99119,NA,NA,NA
E751_39,0.04654,NA,NA,NA
E674_636,0.79748,NA,NA,NA
E483_294,NA,NA,0.3673,NA
E447_40,0.0478,NA,NA,NA
E563_605,0.75849,NA,NA,NA
E146_561,NA,NA,NA,0.70314
E338_245,NA,NA,NA,0.30566
E598_676,NA,0.8478,NA,NA
E953_161,0.2,NA,NA,NA
E129_452,NA,NA,0.56604,NA
E451_583,NA,NA,NA,0.73082
E198_210,NA,NA,0.26164,NA
E115_104,NA,NA,0.1283,NA
E88_19,NA,0.02138,NA,NA
E280_193,NA,NA,0.24025,NA
E37_685,NA,NA,NA,0.85912
E784_530,NA,NA,0.66415,NA
E547_109,0.13459,NA,NA,NA
E884_519,0.65031,NA,NA,NA
E971_527,NA,0.66038,NA,NA
E735_629,0.78868,NA,NA,NA
E252_301,NA,0.3761,NA,NA
E506_44,NA,NA,NA,0.05283
E183_716,0.89811,NA,NA,NA
E263_602,0.75472,NA,NA,NA
E622_500,NA,NA,0.62642,NA
E658_212,NA,0.26415,NA,NA
E688_525,NA,NA,0.65786,NA
E174_632,NA,NA,0.79245,NA
E239_575,0.72075,NA,NA,NA
E19_576,NA,NA,0.72201,NA
E160_728,0.91321,NA,NA,NA
E704_404,NA,NA,NA,0.50566
E555_500,0.62642,NA,NA,NA
E446_569,0.71321,NA,NA,NA
E605_180,NA,NA,0.2239,NA
E698_707,0.88679,NA,NA,NA
E215_406,NA,NA,0.50818,NA
E40_484,0.60629,NA,NA,NA
E725_588,NA,NA,0.73711,NA
E823_584,NA,NA,0.73208,NA
E570_620,NA,NA,NA,0.77736
E892_369,NA,NA,NA,0.46164
E832_393,NA,0.49182,NA,NA
E706_240,NA,NA,NA,0.29937
E51_317,0.39623,NA,NA,NA
E810_296,0.36981,NA,NA,NA
E23_55,0.06667,NA,NA,NA
E336_277,NA,0.34591,NA,NA
E837_550,NA,0.68931,NA,NA
E903_106,NA,0.13082,NA,NA
E745_746,NA,0.93585,NA,NA
E600_195,0.24277,NA,NA,NA
E940_335,0.41887,NA,NA,NA
E870_298,NA,0.37233,NA,NA
E303_649,NA,NA,0.81384,NA
E741_259,0.32327,NA,NA,NA
E627_38,0.04528,NA,NA,NA
E577_253,NA,NA,0.31572,NA
E758_39,0.04654,NA,NA,NA
E694_661,0.82893,NA,NA,NA
E796_324,NA,NA,0.40503,NA
E937_474,0.59371,NA,NA,NA
E843_650,0.81509,NA,NA,NA
E963_544,0.68176,NA,NA,NA
E86_413,NA,NA,0.51698,NA
E401_650,NA,0.81509,NA,NA
E930_200,NA,NA,0.24906,NA
E515_363,0.45409,NA,NA,NA
E981_258,0.32201,NA,NA,NA
E815_248,0.30943,NA,NA,NA
E999_133,0.16478,NA,NA,NA
E353_319,0.39874,NA,NA,NA
E941_615,NA,NA,NA,0.77107
E619_587,0.73585,NA,NA,NA
E396_69,0.08428,NA,NA,NA
E705_402,NA,NA,NA,0.50314
E117_666,NA,NA,0.83522,NA
E522_307,0.38365,NA,NA,NA
E323_343,NA,NA,0.42893,NA
E557_387,NA,NA,0.48428,NA
E302_176,NA,NA,NA,0.21887
E386_447,0.55975,NA,NA,NA
E571_766,NA,NA,0.96101,NA
E95_556,NA,NA,0.69686,NA
E53_722,NA,NA,0.90566,NA
E342_489,0.61258,NA,NA,NA
E216_531,0.66541,NA,NA,NA
E73_355,0.44403,NA,NA,NA
E977_305,NA,NA,0.38113,NA
E475_314,NA,NA,0.39245,NA
E889_545,0.68302,NA,NA,NA
E104_479,NA,NA,0.6,NA
E392_549,NA,NA,0.68805,NA
E642_156,NA,NA,NA,0.19371
E414_685,0.85912,NA,NA,NA
E156_496,NA,NA,NA,0.62138
E17_269,0.33585,NA,NA,NA
E318_61,NA,NA,0.07421,NA
E655_725,NA,NA,NA,0.90943
E639_578,NA,NA,0.72453,NA
E811_529,NA,NA,0.66289,NA
E765_58,0.07044,NA,NA,NA
E443_781,NA,NA,0.97987,NA
E896_785,0.98491,NA,NA,NA
E860_443,0.55472,NA,NA,NA
E87_567,0.71069,NA,NA,NA
E106_764,0.95849,NA,NA,NA
E83_592,0.74214,NA,NA,NA
E376_584,0.73208,NA,NA,NA
E529_176,NA,NA,0.21887,NA
E150_742,NA,NA,NA,0.93082
E905_15,NA,NA,0.01635,NA
E1_101,0.12453,NA,NA,NA
E131_578,NA,NA,0.72453,NA
E441_194,0.24151,NA,NA,NA
E309_543,NA,NA,0.6805,NA
E780_47,0.0566,NA,NA,NA
E265_532,NA,NA,NA,0.66667
E650_131,NA,NA,0.16226,NA
E308_524,0.6566,NA,NA,NA
E679_615,NA,NA,0.77107,NA
E487_276,0.34465,NA,NA,NA
E925_87,0.10692,NA,NA,NA
E34_342,NA,NA,0.42767,NA
E41_748,NA,NA,0.93836,NA
E898_157,NA,NA,NA,0.19497
E893_134,NA,0.16604,NA,NA
E742_667,NA,0.83648,NA,NA
E417_223,NA,NA,NA,0.27799
E35_175,0.21761,NA,NA,NA
E287_752,0.9434,NA,NA,NA
E821_159,NA,NA,NA,0.19748
E458_683,0.8566,NA,NA,NA
E33_555,0.6956,NA,NA,NA
E226_590,NA,NA,0.73962,NA
E153_693,0.86918,NA,NA,NA
E159_545,0.68302,NA,NA,NA
E951_190,NA,NA,0.23648,NA
E293_34,0.04025,NA,NA,NA
E526_492,0.61635,NA,NA,NA
E661_556,0.69686,NA,NA,NA
E720_721,NA,NA,NA,0.9044
E771_253,0.31572,NA,NA,NA
E782_788,NA,0.98868,NA,NA
E602_598,NA,0.74969,NA,NA
E89_203,NA,NA,NA,0.25283
E638_703,0.88176,NA,NA,NA
E325_275,0.3434,NA,NA,NA
E574_646,NA,NA,0.81006,NA
E591_514,NA,NA,0.64403,NA
E250_683,0.8566,NA,NA,NA
E291_690,0.86541,NA,NA,NA
E114_494,0.61887,NA,NA,NA
E462_88,0.10818,NA,NA,NA
E351_600,0.7522,NA,NA,NA
E864_659,NA,NA,NA,0.82642
E388_219,NA,NA,0.27296,NA
E29_99,NA,NA,NA,0.12201
E221_719,NA,NA,NA,0.90189
E367_12,0.01258,NA,NA,NA
E112_104,0.1283,NA,NA,NA
E197_755,NA,NA,0.94717,NA
E630_754,NA,NA,0.94591,NA
E0_626,NA,NA,NA,0.78491
E444_198,NA,NA,0.24654,NA
E72_139,NA,NA,0.17233,NA
E809_476,NA,0.59623,NA,NA
E851_618,NA,0.77484,NA,NA
E544_472,0.59119,NA,NA,NA
E521_114,0.14088,NA,NA,NA
E673_693,0.86918,NA,NA,NA
E816_365,0.4566,NA,NA,NA
E425_442,NA,NA,0.55346,NA
E593_653,0.81887,NA,NA,NA
E365_641,0.80377,NA,NA,NA
E964_274,0.34214,NA,NA,NA
E880_682,NA,NA,0.85535,NA
E480_216,0.26918,NA,NA,NA
E757_235,0.29308,NA,NA,NA
E3_169,NA,NA,0.21006,NA
E702_688,0.86289,NA,NA,NA
E420_791,0.99245,NA,NA,NA
E133_412,0.51572,NA,NA,NA
E998_321,0.40126,NA,NA,NA
E874_619,0.7761,NA,NA,NA
E279_408,0.51069,NA,NA,NA
E30_724,NA,0.90818,NA,NA
E861_414,NA,0.51824,NA,NA
E637_190,0.23648,NA,NA,NA
E285_52,0.06289,NA,NA,NA
E913_5,NA,NA,0.00377,NA
E957_164,0.20377,NA,NA,NA
E891_94,NA,NA,0.11572,NA
E763_579,NA,0.72579,NA,NA
E436_508,0.63648,NA,NA,NA
E394_35,NA,NA,0.04151,NA
E722_372,NA,0.46541,NA,NA
E979_629,0.78868,NA,NA,NA
E731_661,0.82893,NA,NA,NA
E354_712,NA,NA,0.89308,NA
E525_324,NA,NA,0.40503,NA
E846_499,NA,NA,0.62516,NA
E136_569,0.71321,NA,NA,NA
E991_168,NA,NA,0.20881,NA
E708_151,NA,0.18742,NA,NA
E259_79,0.09686,NA,NA,NA
E209_588,NA,NA,NA,0.73711
E329_462,NA,0.57862,NA,NA
E659_538,NA,0.67421,NA,NA
E878_426,0.53333,NA,NA,NA
E387_630,NA,NA,NA,0.78994
E189_552,0.69182,NA,NA,NA
E595_484,NA,NA,0.60629,NA
E848_224,NA,0.27925,NA,NA
E703_468,0.58616,NA,NA,NA
E857_571,NA,0.71572,NA,NA
E25_497,0.62264,NA,NA,NA
E427_369,NA,NA,NA,0.46164
E321_785,NA,NA,NA,0.98491
E958_239,NA,NA,0.29811,NA
E312_633,0.79371,NA,NA,NA
E646_640,0.80252,NA,NA,NA
E422_205,NA,0.25535,NA,NA
E620_392,NA,NA,NA,0.49057
E423_640,NA,NA,0.80252,NA
E575_269,0.33585,NA,NA,NA
E558_768,0.96352,NA,NA,NA
E885_324,NA,NA,0.40503,NA
E580_671,0.84151,NA,NA,NA
E617_218,0.2717,NA,NA,NA
E78_479,NA,NA,0.6,NA
E615_329,0.41132,NA,NA,NA
E158_34,NA,0.04025,NA,NA
E625_165,NA,0.20503,NA,NA
E218_547,0.68553,NA,NA,NA
E60_195,0.24277,NA,NA,NA
E173_524,0.6566,NA,NA,NA
E224_16,0.01761,NA,NA,NA
E847_632,0.79245,NA,NA,NA
E897_23,NA,NA,NA,0.02642
E943_110,0.13585,NA,NA,NA
E267_163,NA,0.20252,NA,NA
E163_323,NA,NA,0.40377,NA
E464_117,NA,NA,NA,0.14465
E550_373,0.46667,NA,NA,NA
E85_40,NA,NA,0.0478,NA
E31_688,0.86289,NA,NA,NA
E518_252,0.31447,NA,NA,NA
E623_442,0.55346,NA,NA,NA
E812_338,NA,NA,0.42264,NA
E212_195,0.24277,NA,NA,NA
E266_246,NA,NA,NA,0.30692
E769_656,0.82264,NA,NA,NA
E217_629,NA,NA,0.78868,NA
E100_793,NA,NA,0.99497,NA
E421_62,0.07547,NA,NA,NA
E785_728,0.91321,NA,NA,NA
E500_245,NA,NA,0.30566,NA
E71_343,0.42893,NA,NA,NA
E594_382,NA,NA,0.47799,NA
E513_477,0.59748,NA,NA,NA
E343_643,NA,NA,NA,0.80629
E669_259,0.32327,NA,NA,NA
E319_414,0.51824,NA,NA,NA
E498_674,0.84528,NA,NA,NA
E466_263,0.3283,NA,NA,NA
E205_302,0.37736,NA,NA,NA
E164_636,0.79748,NA,NA,NA
E713_190,NA,NA,0.23648,NA
E921_287,0.35849,NA,NA,NA
E508_332,0.41509,NA,NA,NA
E228_658,NA,0.82516,NA,NA
E648_778,NA,NA,0.9761,NA
E802_450,0.56352,NA,NA,NA
E578_760,0.95346,NA,NA,NA
E697_570,0.71447,NA,NA,NA
E505_271,NA,0.33836,NA,NA
E651_53,0.06415,NA,NA,NA
E553_785,NA,NA,0.98491,NA
E186_342,0.42767,NA,NA,NA
E495_514,0.64403,NA,NA,NA
E177_213,NA,0.26541,NA,NA
E122_384,NA,NA,0.4805,NA
E983_756,NA,NA,NA,0.94843
E63_621,NA,NA,NA,0.77862
E931_134,0.16604,NA,NA,NA
E899_377,0.4717,NA,NA,NA
E721_308,NA,0.38491,NA,NA
E923_384,0.4805,NA,NA,NA
E11_246,NA,NA,0.30692,NA
E231_342,NA,NA,0.42767,NA
E604_347,NA,NA,0.43396,NA
E516_207,0.25786,NA,NA,NA
E232_668,NA,NA,NA,0.83774
E424_215,0.26792,NA,NA,NA
E171_181,0.22516,NA,NA,NA
E13_261,0.32579,NA,NA,NA
E876_31,0.03648,NA,NA,NA
E416_149,0.18491,NA,NA,NA
E709_357,0.44654,NA,NA,NA
E288_67,0.08176,NA,NA,NA
E764_717,0.89937,NA,NA,NA
E426_328,NA,NA,0.41006,NA
E120_57,NA,0.06918,NA,NA
E378_706,0.88553,NA,NA,NA
E791_498,NA,NA,0.6239,NA
E511_110,0.13585,NA,NA,NA
E533_670,NA,NA,0.84025,NA
E341_135,NA,NA,0.1673,NA
E770_91,NA,NA,0.11195,NA
E243_150,NA,NA,NA,0.18616
E134_72,0.08805,NA,NA,NA
E744_373,NA,NA,0.46667,NA
E611_711,NA,NA,NA,0.89182
E734_720,0.90314,NA,NA,NA
E962_451,0.56478,NA,NA,NA
E609_410,0.51321,NA,NA,NA
E855_730,NA,NA,NA,0.91572
E404_283,NA,0.35346,NA,NA
E929_189,NA,NA,0.23522,NA
E66_711,0.89182,NA,NA,NA
E461_133,NA,NA,NA,0.16478
E939_69,0.08428,NA,NA,NA
E641_663,NA,NA,0.83145,NA
E143_245,NA,NA,0.30566,NA
E859_74,0.09057,NA,NA,NA
E695_794,0.99623,NA,NA,NA
E569_279,NA,NA,0.34843,NA
E804_688,0.86289,NA,NA,NA
E514_39,NA,0.04654,NA,NA
E301_487,NA,NA,0.61006,NA
E473_796,0.99874,NA,NA,NA
E251_737,0.92453,NA,NA,NA
E113_223,0.27799,NA,NA,NA
E42_230,NA,NA,NA,0.28679
E566_418,0.52327,NA,NA,NA
E798_543,0.6805,NA,NA,NA
E91_504,NA,NA,NA,0.63145
E945_135,NA,NA,0.1673,NA
E349_705,0.88428,NA,NA,NA
E255_53,NA,0.06415,NA,NA
E519_102,NA,0.12579,NA,NA
E922_638,0.8,NA,NA,NA
E256_631,0.79119,NA,NA,NA
E965_553,NA,NA,0.69308,NA
E830_640,NA,0.80252,NA,NA
E207_419,NA,0.52453,NA,NA
E222_92,0.11321,NA,NA,NA
E711_19,0.02138,NA,NA,NA
E283_192,NA,NA,NA,0.23899
E357_319,NA,0.39874,NA,NA
E364_674,NA,NA,0.84528,NA
E470_791,NA,0.99245,NA,NA
E190_95,NA,NA,0.11698,NA
E328_203,0.25283,NA,NA,NA
E488_696,0.87296,NA,NA,NA
E80_300,NA,NA,0.37484,NA
E65_708,0.88805,NA,NA,NA
E362_52,NA,NA,NA,0.06289
E873_421,NA,0.52704,NA,NA
E534_625,0.78365,NA,NA,NA
E776_402,NA,NA,0.50314,NA
E12_76,0.09308,NA,NA,NA
E340_77,NA,NA,0.09434,NA
E549_101,NA,NA,0.12453,NA
E200_638,0.8,NA,NA,NA
E535_52,NA,NA,0.06289,NA
E845_604,NA,NA,0.75723,NA
E5_681,NA,NA,0.85409,NA
E924_115,0.14214,NA,NA,NA
E262_208,NA,NA,0.25912,NA
E997_320,0.4,NA,NA,NA
E384_159,NA,NA,0.19748,NA
E211_496,NA,NA,NA,0.62138
E476_445,NA,NA,0.55723,NA
E111_707,0.88679,NA,NA,NA
E151_796,NA,NA,NA,0.99874
E826_491,NA,NA,0.61509,NA
E428_288,0.35975,NA,NA,NA
E520_31,0.03648,NA,NA,NA
E64_292,NA,NA,0.36478,NA
E206_546,NA,NA,0.68428,NA
E684_654,0.82013,NA,NA,NA
E829_496,NA,NA,0.62138,NA
E127_668,0.83774,NA,NA,NA
E492_568,NA,NA,0.71195,NA
E738_313,NA,0.39119,NA,NA
E656_571,NA,0.71572,NA,NA
E432_526,0.65912,NA,NA,NA
E54_568,NA,0.71195,NA,NA
E715_178,0.22138,NA,NA,NA
E167_34,0.04025,NA,NA,NA
E118_472,0.59119,NA,NA,NA
E344_109,0.13459,NA,NA,NA
E915_480,NA,0.60126,NA,NA
E561_376,NA,NA,NA,0.47044
E121_419,NA,0.52453,NA,NA
E10_569,NA,NA,0.71321,NA
E510_259,NA,NA,0.32327,NA
E305_730,0.91572,NA,NA,NA
E539_116,0.1434,NA,NA,NA
E337_47,0.0566,NA,NA,NA
E292_721,NA,0.9044,NA,NA
E395_725,NA,0.90943,NA,NA
E871_181,NA,0.22516,NA,NA
E691_491,0.61509,NA,NA,NA
E410_295,NA,NA,NA,0.36855
E196_510,0.63899,NA,NA,NA
E501_200,0.24906,NA,NA,NA
E147_126,NA,NA,NA,0.15597
E419_451,0.56478,NA,NA,NA
E996_775,NA,0.97233,NA,NA
E105_505,NA,NA,NA,0.6327
E635_318,NA,NA,0.39748,NA
E726_448,0.56101,NA,NA,NA
E868_315,0.39371,NA,NA,NA
E486_706,0.88553,NA,NA,NA
E363_363,0.45409,NA,NA,NA
E185_398,NA,NA,0.49811,NA
E346_158,0.19623,NA,NA,NA
E479_711,NA,NA,NA,0.89182
E670_744,0.93333,NA,NA,NA
E862_428,0.53585,NA,NA,NA
E736_425,NA,0.53208,NA,NA
E210_346,0.4327,NA,NA,NA
E877_466,NA,0.58365,NA,NA
E119_493,0.61761,NA,NA,NA
E286_75,0.09182,NA,NA,NA
E468_534,NA,NA,0.66918,NA
E576_329,NA,NA,0.41132,NA
E82_157,0.19497,NA,NA,NA
E257_297,0.37107,NA,NA,NA
E141_639,0.80126,NA,NA,NA
E304_705,NA,NA,NA,0.88428
E269_630,NA,NA,0.78994,NA
E946_764,0.95849,NA,NA,NA
E710_781,0.97987,NA,NA,NA
E38_525,0.65786,NA,NA,NA
E509_97,0.1195,NA,NA,NA
E175_552,0.69182,NA,NA,NA
E124_62,0.07547,NA,NA,NA
E187_493,NA,NA,0.61761,NA
E772_491,NA,NA,0.61509,NA
E778_67,0.08176,NA,NA,NA
E453_146,NA,0.18113,NA,NA
E967_431,NA,NA,0.53962,NA
E366_477,NA,NA,0.59748,NA
E16_301,NA,NA,0.3761,NA
E128_349,0.43648,NA,NA,NA
E699_43,NA,NA,NA,0.05157
E494_202,0.25157,NA,NA,NA
E324_396,NA,NA,0.4956,NA
E380_590,0.73962,NA,NA,NA
E123_453,NA,NA,0.5673,NA
E572_400,0.50063,NA,NA,NA
E32_163,0.20252,NA,NA,NA
E838_564,NA,0.70692,NA,NA
E233_709,0.88931,NA,NA,NA
E43_517,NA,NA,NA,0.6478
E990_330,0.41258,NA,NA,NA
E960_2,0.0,NA,NA,NA
E746_273,0.34088,NA,NA,NA
E866_9,NA,0.00881,NA,NA
E982_36,NA,NA,0.04277,NA
E675_87,NA,NA,NA,0.10692
E828_549,NA,0.68805,NA,NA
E912_309,0.38616,NA,NA,NA
E894_37,0.04403,NA,NA,NA
E712_275,0.3434,NA,NA,NA
E348_346,NA,NA,NA,0.4327
E662_53,NA,0.06415,NA,NA
E701_655,NA,NA,NA,0.82138
E774_419,0.52453,NA,NA,NA
E457_17,NA,NA,NA,0.01887
E155_245,NA,NA,0.30566,NA
E668_186,NA,0.23145,NA,NA
E9_158,0.19623,NA,NA,NA
E26_446,0.55849,NA,NA,NA
E258_659,NA,NA,0.82642,NA
E955_454,0.56855,NA,NA,NA
E649_334,0.41761,NA,NA,NA
E618_401,NA,NA,0.50189,NA
E904_537,NA,NA,0.67296,NA
E178_239,0.29811,NA,NA,NA
E787_528,0.66164,NA,NA,NA
E103_319,NA,0.39874,NA,NA
E59_35,0.04151,NA,NA,NA
E512_44,0.05283,NA,NA,NA
E980_61,0.07421,NA,NA,NA
E985_593,NA,NA,0.7434,NA
E2_286,0.35723,NA,NA,NA
E44_16,0.01761,NA,NA,NA
E683_119,NA,NA,0.14717,NA
E361_522,NA,0.65409,NA,NA
E919_171,0.21258,NA,NA,NA
E358_574,NA,NA,0.7195,NA
E692_281,NA,NA,0.35094,NA
E836_455,NA,NA,0.56981,NA
E360_208,0.25912,NA,NA,NA
E806_310,NA,NA,0.38742,NA
E81_367,NA,NA,0.45912,NA
E687_728,NA,NA,0.91321,NA
E753_348,0.43522,NA,NA,NA
E403_483,0.60503,NA,NA,NA
E229_417,0.52201,NA,NA,NA
E616_450,NA,NA,0.56352,NA
E98_714,0.8956,NA,NA,NA
E645_520,NA,NA,0.65157,NA
E517_349,0.43648,NA,NA,NA
E352_57,0.06918,NA,NA,NA
E478_94,0.11572,NA,NA,NA
E161_319,0.39874,NA,NA,NA
E564_9,NA,0.00881,NA,NA
E644_476,0.59623,NA,NA,NA
E314_70,0.08553,NA,NA,NA
E607_739,0.92704,NA,NA,NA
E482_484,NA,NA,0.60629,NA
E875_630,NA,NA,0.78994,NA
E935_440,NA,NA,0.55094,NA
E686_406,NA,NA,0.50818,NA
E238_533,NA,NA,0.66792,NA
E379_732,0.91824,NA,NA,NA
E917_153,0.18994,NA,NA,NA
E678_459,0.57484,NA,NA,NA
E608_640,0.80252,NA,NA,NA
E281_606,0.75975,NA,NA,NA
E835_246,0.30692,NA,NA,NA
E988_139,NA,NA,0.17233,NA
E57_384,NA,NA,0.4805,NA
E418_663,NA,0.83145,NA,NA
E502_4,NA,NA,0.00252,NA
E8_566,NA,0.70943,NA,NA
E773_350,NA,NA,0.43774,NA
E437_382,0.47799,NA,NA,NA
E849_294,0.3673,NA,NA,NA
E491_520,0.65157,NA,NA,NA
E460_33,NA,NA,0.03899,NA
E507_117,0.14465,NA,NA,NA
E7_183,NA,NA,NA,0.22767
E497_249,NA,NA,NA,0.31069
E469_230,0.28679,NA,NA,NA
E50_708,0.88805,NA,NA,NA
E729_424,NA,NA,0.53082,NA
E850_102,0.12579,NA,NA,NA
E842_395,0.49434,NA,NA,NA
E987_722,NA,NA,NA,0.90566
E761_651,0.81635,NA,NA,NA
E411_742,0.93082,NA,NA,NA
E901_141,NA,NA,0.17484,NA
E84_517,NA,NA,0.6478,NA
E434_223,0.27799,NA,NA,NA
E169_460,0.5761,NA,NA,NA
E248_68,0.08302,NA,NA,NA
E588_787,0.98742,NA,NA,NA
E274_551,0.69057,NA,NA,NA
E48_471,NA,0.58994,NA,NA
E236_418,NA,NA,0.52327,NA
E313_765,NA,NA,NA,0.95975
E374_362,0.45283,NA,NA,NA
E149_748,NA,NA,0.93836,NA
E693_544,NA,NA,0.68176,NA
E345_320,NA,NA,0.4,NA
E504_186,NA,NA,NA,0.23145
E910_586,NA,NA,0.73459,NA
E408_718,NA,NA,0.90063,NA
E552_403,NA,0.5044,NA,NA
E947_481,0.60252,NA,NA,NA
E992_616,NA,NA,0.77233,NA
E532_109,0.13459,NA,NA,NA
E240_711,0.89182,NA,NA,NA
E730_290,NA,NA,NA,0.36226
E541_484,0.60629,NA,NA,NA
E234_600,NA,NA,NA,0.7522
E429_448,NA,NA,0.56101,NA
E766_693,0.86918,NA,NA,NA
E546_48,NA,0.05786,NA,NA
E270_588,0.73711,NA,NA,NA
E69_762,NA,NA,0.95597,NA
E74_417,NA,0.52201,NA,NA
E542_510,0.63899,NA,NA,NA
E834_139,NA,NA,0.17233,NA
E900_717,0.89937,NA,NA,NA
E881_68,NA,0.08302,NA,NA
E277_779,0.97736,NA,NA,NA
E456_235,NA,NA,0.29308,NA
E76_465,NA,NA,0.58239,NA
E137_386,NA,NA,NA,0.48302
E452_489,NA,0.61258,NA,NA
E975_381,NA,NA,0.47673,NA
E110_394,NA,NA,0.49308,NA
E682_115,NA,NA,NA,0.14214
E24_465,NA,NA,0.58239,NA
E584_757,NA,0.94969,NA,NA
E179_513,0.64277,NA,NA,NA
E439_206,0.2566,NA,NA,NA
E449_640,0.80252,NA,NA,NA
E589_591,NA,NA,0.74088,NA
E749_135,0.1673,NA,NA,NA
E660_649,NA,NA,0.81384,NA
E260_252,0.31447,NA,NA,NA
E968_312,0.38994,NA,NA,NA
E606_75,NA,0.09182,NA,NA
E833_500,0.62642,NA,NA,NA
E827_248,0.30943,NA,NA,NA
E49_618,NA,0.77484,NA,NA
E844_591,NA,NA,0.74088,NA
E942_339,NA,0.4239,NA,NA
E125_469,NA,NA,0.58742,NA
E750_473,NA,NA,0.59245,NA
E272_590,NA,NA,0.73962,NA
E172_176,NA,NA,0.21887,NA
E556_512,NA,NA,0.64151,NA
E399_779,0.97736,NA,NA,NA
E170_166,NA,NA,NA,0.20629
E614_620,NA,0.77736,NA,NA
E192_667,0.83648,NA,NA,NA
E808_467,0.58491,NA,NA,NA
E621_164,0.20377,NA,NA,NA
E733_332,0.41509,NA,NA,NA
E28_556,0.69686,NA,NA,NA
E797_282,NA,NA,0.3522,NA
E18_214,0.26667,NA,NA,NA
E752_86,0.10566,NA,NA,NA
E601_476,NA,NA,NA,0.59623
E284_142,NA,NA,0.1761,NA
E237_603,NA,0.75597,NA,NA
E932_322,0.40252,NA,NA,NA
E412_591,0.74088,NA,NA,NA
E567_640,0.80252,NA,NA,NA
E467_81,NA,NA,0.09937,NA
E624_532,NA,NA,0.66667,NA
E717_56,0.06792,NA,NA,NA
E976_523,0.65535,NA,NA,NA
E636_275,0.3434,NA,NA,NA
E657_654,0.82013,NA,NA,NA
E289_380,NA,NA,0.47547,NA
E631_750,0.94088,NA,NA,NA
E974_674,NA,NA,NA,0.84528
E961_159,NA,NA,NA,0.19748
E714_520,0.65157,NA,NA,NA
E77_565,NA,NA,NA,0.70818
E909_662,0.83019,NA,NA,NA
E565_716,0.89811,NA,NA,NA
E21_686,0.86038,NA,NA,NA
E400_175,0.21761,NA,NA,NA
E109_402,0.50314,NA,NA,NA
E320_249,NA,0.31069,NA,NA
E326_198,0.24654,NA,NA,NA
E775_78,0.0956,NA,NA,NA
E139_529,0.66289,NA,NA,NA
E562_401,NA,NA,0.50189,NA
E261_718,NA,NA,NA,0.90063
E756_576,0.72201,NA,NA,NA
E166_81,0.09937,NA,NA,NA
E310_623,0.78113,NA,NA,NA
E543_93,0.11447,NA,NA,NA
E181_23,0.02642,NA,NA,NA
E431_721,NA,NA,NA,0.9044
E666_355,NA,NA,0.44403,NA
E140_436,0.54591,NA,NA,NA
E168_138,0.17107,NA,NA,NA
E397_28,NA,NA,NA,0.0327
E818_597,0.74843,NA,NA,NA
E14_26,NA,0.03019,NA,NA
E315_681,NA,NA,0.85409,NA
E454_195,0.24277,NA,NA,NA
E484_347,NA,NA,NA,0.43396
E759_737,0.92453,NA,NA,NA
E503_424,0.53082,NA,NA,NA
E278_41,0.04906,NA,NA,NA
E142_636,NA,NA,0.79748,NA
E92_52,0.06289,NA,NA,NA
E465_767,NA,NA,NA,0.96226
E102_365,0.4566,NA,NA,NA
E36_35,NA,NA,NA,0.04151
E640_52,NA,0.06289,NA,NA
E585_731,0.91698,NA,NA,NA
E368_270,0.33711,NA,NA,NA
E762_530,NA,NA,NA,0.66415
E372_573,NA,NA,0.71824,NA
E524_241,0.30063,NA,NA,NA
E822_300,NA,NA,0.37484,NA
E52_108,0.13333,NA,NA,NA
E938_551,0.69057,NA,NA,NA
E956_750,NA,NA,0.94088,NA
E296_629,NA,NA,NA,0.78868
E790_722,0.90566,NA,NA,NA
E188_753,NA,NA,NA,0.94465
E99_465,0.58239,NA,NA,NA
E201_475,NA,NA,0.59497,NA
E737_314,0.39245,NA,NA,NA
E613_602,0.75472,NA,NA,NA
E664_634,NA,0.79497,NA,NA
E626_211,0.26289,NA,NA,NA
E316_215,0.26792,NA,NA,NA
E634_662,NA,NA,0.83019,NA
E890_687,0.86164,NA,NA,NA
E665_615,NA,NA,0.77107,NA
E586_93,NA,0.11447,NA,NA
E56_119,0.14717,NA,NA,NA
E882_260,0.32453,NA,NA,NA
E596_5,0.00377,NA,NA,NA
E148_741,0.92956,NA,NA,NA
E145_606,NA,NA,0.75975,NA
E969_373,NA,NA,0.46667,NA
E245_591,0.74088,NA,NA,NA
E440_591,0.74088,NA,NA,NA
E523_118,0.14591,NA,NA,NA
E58_559,0.70063,NA,NA,NA
E685_125,NA,NA,0.15472,NA
E165_277,NA,NA,0.34591,NA
E537_383,NA,0.47925,NA,NA
E582_680,NA,NA,0.85283,NA
E813_575,0.72075,NA,NA,NA
E740_294,NA,NA,NA,0.3673
E499_207,NA,NA,NA,0.25786
E176_398,NA,NA,NA,0.49811
E448_275,NA,NA,NA,0.3434
E568_578,0.72453,NA,NA,NA
E989_255,NA,0.31824,NA,NA
E643_104,0.1283,NA,NA,NA
E696_205,0.25535,NA,NA,NA
E485_259,0.32327,NA,NA,NA
E327_530,0.66415,NA,NA,NA
E995_95,0.11698,NA,NA,NA
E191_438,NA,0.54843,NA,NA
E370_518,0.64906,NA,NA,NA
E959_82,0.10063,NA,NA,NA
E883_240,0.29937,NA,NA,NA
E116_242,NA,NA,0.30189,NA
E390_575,0.72075,NA,NA,NA
E96_705,NA,0.88428,NA,NA
E907_611,NA,NA,0.76604,NA
E872_499,NA,NA,NA,0.62516
E61_115,0.14214,NA,NA,NA
E863_732,NA,NA,0.91824,NA
E474_465,NA,NA,NA,0.58239
E825_81,NA,NA,NA,0.09937
E530_792,0.99371,NA,NA,NA
E405_457,0.57233,NA,NA,NA
E672_247,NA,NA,0.30818,NA
E799_311,0.38868,NA,NA,NA
E841_723,NA,NA,0.90692,NA
E994_175,0.21761,NA,NA,NA
E801_347,NA,NA,0.43396,NA
E587_641,NA,0.80377,NA,NA
E68_685,NA,0.85912,NA,NA
E888_530,NA,NA,0.66415,NA
E138_358,0.4478,NA,NA,NA
E330_486,NA,NA,0.60881,NA
E928_520,NA,0.65157,NA,NA
E700_462,NA,0.57862,NA,NA
E680_571,NA,NA,NA,0.71572
E385_434,NA,NA,0.5434,NA
E707_218,0.2717,NA,NA,NA
E350_336,NA,NA,0.42013,NA
E754_606,0.75975,NA,NA,NA
E413_624,NA,NA,0.78239,NA
E393_547,NA,0.68553,NA,NA
E299_797,1.0,NA,NA,NA
E247_623,NA,NA,0.78113,NA
E227_555,0.6956,NA,NA,NA
E986_102,NA,NA,NA,0.12579
E55_360,0.45031,NA,NA,NA
E62_585,0.73333,NA,NA,NA
E135_596,0.74717,NA,NA,NA
E253_757,NA,NA,0.94969,NA
E839_654,0.82013,NA,NA,NA
E858_756,0.94843,NA,NA,NA
E789_313,NA,NA,0.39119,NA
E718_337,0.42138,NA,NA,NA
E334_775,0.97233,NA,NA,NA
E933_750,0.94088,NA,NA,NA
E339_150,0.18616,NA,NA,NA
E854_32,NA,NA,0.03774,NA
E162_274,0.34214,NA,NA,NA
E132_391,NA,0.48931,NA,NA
E920_156,0.19371,NA,NA,NA
E332_692,0.86792,NA,NA,NA
E581_98,0.12075,NA,NA,NA
E203_126,NA,0.15597,NA,NA
E972_410,0.51321,NA,NA,NA
E536_341,0.42642,NA,NA,NA
E612_82,NA,NA,0.10063,NA
E194_303,NA,NA,0.37862,NA
E779_604,0.75723,NA,NA,NA
E230_108,NA,NA,0.13333,NA
E916_699,NA,NA,0.87673,NA
E768_187,NA,NA,0.2327,NA
E154_493,0.61761,NA,NA,NA
E90_126,0.15597,NA,NA,NA
E317_719,NA,NA,0.90189,NA
E144_698,NA,NA,0.87547,NA
E966_692,NA,NA,0.86792,NA
E792_334,NA,NA,NA,0.41761
E126_676,NA,NA,0.8478,NA
E906_334,0.41761,NA,NA,NA
E663_85,0.1044,NA,NA,NA
E298_670,0.84025,NA,NA,NA
E27_662,NA,NA,0.83019,NA
E795_385,NA,NA,0.48176,NA
E415_444,NA,NA,NA,0.55597
E271_315,NA,NA,0.39371,NA
E911_744,0.93333,NA,NA,NA
E767_212,NA,0.26415,NA,NA
E246_265,NA,NA,0.33082,NA
E70_632,0.79245,NA,NA,NA
E690_36,NA,NA,NA,0.04277
E853_568,0.71195,NA,NA,NA
E856_782,NA,NA,0.98113,NA
E463_715,0.89686,NA,NA,NA
E94_778,0.9761,NA,NA,NA
E45_634,NA,0.79497,NA,NA
E369_618,NA,NA,0.77484,NA
E869_779,NA,0.97736,NA,NA
E743_246,NA,NA,0.30692,NA
E817_209,0.26038,NA,NA,NA
E603_339,0.4239,NA,NA,NA
E398_510,NA,0.63899,NA,NA
E597_317,NA,NA,NA,0.39623
E865_158,0.19623,NA,NA,NA
E950_715,0.89686,NA,NA,NA
E347_212,0.26415,NA,NA,NA
E719_796,NA,NA,0.99874,NA
E831_596,NA,0.74717,NA,NA
E628_586,NA,NA,NA,0.73459
E46_97,0.1195,NA,NA,NA
E93_265,0.33082,NA,NA,NA
E824_480,0.60126,NA,NA,NA
E886_155,NA,NA,0.19245,NA
E747_286,NA,NA,0.35723,NA
E282_98,0.12075,NA,NA,NA
E47_344,0.43019,NA,NA,NA
E6_198,0.24654,NA,NA,NA
E732_449,NA,NA,NA,0.56226
E377_589,NA,NA,NA,0.73836
E755_622,NA,NA,0.77987,NA
E442_110,0.13585,NA,NA,NA
E590_38,NA,0.04528,NA,NA
E914_730,NA,0.91572,NA,NA
E807_582,NA,NA,0.72956,NA
E803_631,0.79119,NA,NA,NA
E540_111,NA,NA,0.13711,NA
E157_319,0.39874,NA,NA,NA
E152_587,0.73585,NA,NA,NA
E307_432,NA,0.54088,NA,NA
E373_218,0.2717,NA,NA,NA
E496_453,NA,NA,0.5673,NA
E867_591,NA,NA,0.74088,NA
E952_524,NA,NA,0.6566,NA
E559_382,NA,0.47799,NA,NA
E653_673,0.84403,NA,NA,NA
E20_516,NA,NA,NA,0.64654
E727_768,0.96352,NA,NA,NA
E223_476,0.59623,NA,NA,NA
E805_326,0.40755,NA,NA,NA
E786_754,NA,NA,0.94591,NA
E677_383,NA,NA,NA,0.47925
E101_266,0.33208,NA,NA,NA
E973_665,0.83396,NA,NA,NA
E667_729,NA,NA,0.91447,NA
E273_74,NA,0.09057,NA,NA
E579_653,0.81887,NA,NA,NA
E723_686,0.86038,NA,NA,NA
E371_288,NA,NA,NA,0.35975
E249_315,NA,NA,NA,0.39371
E934_356,0.44528,NA,NA,NA
E671_606,0.75975,NA,NA,NA
E472_221,NA,NA,0.27547,NA
E459_384,NA,0.4805,NA,NA
E180_49,NA,NA,0.05912,NA
E970_733,NA,0.9195,NA,NA
E632_227,NA,0.28302,NA,NA
E471_366,NA,0.45786,NA,NA
E290_735,NA,NA,NA,0.92201
E355_682,0.85535,NA,NA,NA
E728_662,0.83019,NA,NA,NA
E716_415,NA,0.5195,NA,NA
E381_198,0.24654,NA,NA,NA
E276_637,NA,0.79874,NA,NA
E949_688,0.86289,NA,NA,NA
E409_699,NA,NA,NA,0.87673
E610_383,0.47925,NA,NA,NA
E225_107,NA,NA,NA,0.13208
E493_699,NA,NA,0.87673,NA
E389_175,0.21761,NA,NA,NA
E954_266,0.33208,NA,NA,NA
E918_36,0.04277,NA,NA,NA
E241_277,NA,NA,0.34591,NA
E195_62,0.07547,NA,NA,NA
E235_17,NA,NA,0.01887,NA
E538_575,NA,NA,0.72075,NA
E895_654,NA,NA,0.82013,NA
E67_583,NA,NA,0.73082,NA
